geoID_long,geoID_short,muni_long,muni_short,HC01_EST_VC01,HC01_MOE_VC01,HC02_EST_VC01,HC02_MOE_VC01,HC03_EST_VC01,HC03_MOE_VC01,HC01_EST_VC03,HC01_MOE_VC03,HC02_EST_VC03,HC02_MOE_VC03,HC03_EST_VC03,HC03_MOE_VC03,HC01_EST_VC04,HC01_MOE_VC04,HC02_EST_VC04,HC02_MOE_VC04,HC03_EST_VC04,HC03_MOE_VC04,HC01_EST_VC05,HC01_MOE_VC05,HC02_EST_VC05,HC02_MOE_VC05,HC03_EST_VC05,HC03_MOE_VC05,HC01_EST_VC06,HC01_MOE_VC06,HC02_EST_VC06,HC02_MOE_VC06,HC03_EST_VC06,HC03_MOE_VC06,HC01_EST_VC07,HC01_MOE_VC07,HC02_EST_VC07,HC02_MOE_VC07,HC03_EST_VC07,HC03_MOE_VC07,HC01_EST_VC08,HC01_MOE_VC08,HC02_EST_VC08,HC02_MOE_VC08,HC03_EST_VC08,HC03_MOE_VC08,HC01_EST_VC09,HC01_MOE_VC09,HC02_EST_VC09,HC02_MOE_VC09,HC03_EST_VC09,HC03_MOE_VC09,HC01_EST_VC10,HC01_MOE_VC10,HC02_EST_VC10,HC02_MOE_VC10,HC03_EST_VC10,HC03_MOE_VC10,HC01_EST_VC11,HC01_MOE_VC11,HC02_EST_VC11,HC02_MOE_VC11,HC03_EST_VC11,HC03_MOE_VC11,HC01_EST_VC12,HC01_MOE_VC12,HC02_EST_VC12,HC02_MOE_VC12,HC03_EST_VC12,HC03_MOE_VC12,HC01_EST_VC13,HC01_MOE_VC13,HC02_EST_VC13,HC02_MOE_VC13,HC03_EST_VC13,HC03_MOE_VC13,HC01_EST_VC14,HC01_MOE_VC14,HC02_EST_VC14,HC02_MOE_VC14,HC03_EST_VC14,HC03_MOE_VC14,HC01_EST_VC15,HC01_MOE_VC15,HC02_EST_VC15,HC02_MOE_VC15,HC03_EST_VC15,HC03_MOE_VC15,HC01_EST_VC16,HC01_MOE_VC16,HC02_EST_VC16,HC02_MOE_VC16,HC03_EST_VC16,HC03_MOE_VC16,HC01_EST_VC17,HC01_MOE_VC17,HC02_EST_VC17,HC02_MOE_VC17,HC03_EST_VC17,HC03_MOE_VC17,HC01_EST_VC18,HC01_MOE_VC18,HC02_EST_VC18,HC02_MOE_VC18,HC03_EST_VC18,HC03_MOE_VC18,HC01_EST_VC19,HC01_MOE_VC19,HC02_EST_VC19,HC02_MOE_VC19,HC03_EST_VC19,HC03_MOE_VC19,HC01_EST_VC20,HC01_MOE_VC20,HC02_EST_VC20,HC02_MOE_VC20,HC03_EST_VC20,HC03_MOE_VC20,HC01_EST_VC23,HC01_MOE_VC23,HC02_EST_VC23,HC02_MOE_VC23,HC03_EST_VC23,HC03_MOE_VC23,HC01_EST_VC24,HC01_MOE_VC24,HC02_EST_VC24,HC02_MOE_VC24,HC03_EST_VC24,HC03_MOE_VC24,HC01_EST_VC25,HC01_MOE_VC25,HC02_EST_VC25,HC02_MOE_VC25,HC03_EST_VC25,HC03_MOE_VC25,HC01_EST_VC26,HC01_MOE_VC26,HC02_EST_VC26,HC02_MOE_VC26,HC03_EST_VC26,HC03_MOE_VC26,HC01_EST_VC27,HC01_MOE_VC27,HC02_EST_VC27,HC02_MOE_VC27,HC03_EST_VC27,HC03_MOE_VC27,HC01_EST_VC28,HC01_MOE_VC28,HC02_EST_VC28,HC02_MOE_VC28,HC03_EST_VC28,HC03_MOE_VC28,HC01_EST_VC29,HC01_MOE_VC29,HC02_EST_VC29,HC02_MOE_VC29,HC03_EST_VC29,HC03_MOE_VC29,HC01_EST_VC30,HC01_MOE_VC30,HC02_EST_VC30,HC02_MOE_VC30,HC03_EST_VC30,HC03_MOE_VC30,HC01_EST_VC31,HC01_MOE_VC31,HC02_EST_VC31,HC02_MOE_VC31,HC03_EST_VC31,HC03_MOE_VC31,HC01_EST_VC32,HC01_MOE_VC32,HC02_EST_VC32,HC02_MOE_VC32,HC03_EST_VC32,HC03_MOE_VC32,HC01_EST_VC35,HC01_MOE_VC35,HC02_EST_VC35,HC02_MOE_VC35,HC03_EST_VC35,HC03_MOE_VC35,HC01_EST_VC36,HC01_MOE_VC36,HC02_EST_VC36,HC02_MOE_VC36,HC03_EST_VC36,HC03_MOE_VC36,HC01_EST_VC37,HC01_MOE_VC37,HC02_EST_VC37,HC02_MOE_VC37,HC03_EST_VC37,HC03_MOE_VC37,HC01_EST_VC38,HC01_MOE_VC38,HC02_EST_VC38,HC02_MOE_VC38,HC03_EST_VC38,HC03_MOE_VC38,HC01_EST_VC39,HC01_MOE_VC39,HC02_EST_VC39,HC02_MOE_VC39,HC03_EST_VC39,HC03_MOE_VC39,HC01_EST_VC42,HC01_MOE_VC42,HC02_EST_VC42,HC02_MOE_VC42,HC03_EST_VC42,HC03_MOE_VC42,HC01_EST_VC43,HC01_MOE_VC43,HC02_EST_VC43,HC02_MOE_VC43,HC03_EST_VC43,HC03_MOE_VC43
0600000US4400105140,4400105140,"Barrington town, Bristol County, Rhode Island",Barrington,16290,21,7656,235,8634,235,4.3,0.9,4.5,1.6,4.2,1.1,8.9,1.1,8.2,1.5,9.5,1.7,9.0,1.1,9.5,1.6,8.5,1.5,7.5,1.3,8.0,1.7,7.1,1.6,4.0,1.0,5.1,1.6,3.0,1.1,1.8,0.7,2.1,0.9,1.5,0.7,1.9,0.6,1.6,0.8,2.1,0.7,4.2,1.0,4.6,1.3,3.9,1.1,7.9,1.1,7.0,1.3,8.7,1.4,9.1,1.1,8.7,1.4,9.5,1.4,9.5,1.1,9.5,1.6,9.4,1.8,10.3,1.1,10.2,1.3,10.4,1.5,5.6,1.0,5.9,1.4,5.2,1.2,4.6,0.9,4.0,1.3,5.2,1.0,3.2,0.7,3.1,0.9,3.2,0.9,2.8,0.8,3.2,1.0,2.5,0.9,2.4,0.7,2.2,1.0,2.7,0.8,3.0,0.7,2.4,1.1,3.5,0.8,17.9,1.2,17.8,2.1,18.1,1.6,5.2,0.8,5.5,1.1,5.0,1.1,6.3,1.0,7.7,1.8,5.0,1.4,27.2,1.5,28.5,2.1,26.1,2.0,76.1,1.3,75.9,2.3,76.3,2.0,72.5,1.2,72.3,2.0,72.7,2.1,21.6,1.6,20.9,1.9,22.3,1.9,19.0,1.4,18.4,1.7,19.6,1.8,16.0,1.2,14.9,1.5,17.0,1.6,8.2,1.1,7.8,1.6,8.6,1.3,45.4,1.1,44.7,1.1,46.0,1.5,88.7,5.1,,,,,77.1,4.6,,,,,28.4,2.7,,,,,48.7,3.1,,,,,0.1,,,,,,0.9,,,,,
0600000US4400109280,4400109280,"Bristol town, Bristol County, Rhode Island",Bristol,22493,24,10771,291,11722,292,3.6,0.7,4.0,1.3,3.3,0.8,4.4,0.9,4.5,1.3,4.2,1.2,3.8,0.9,4.4,1.3,3.3,1.1,9.6,1.1,10.0,1.6,9.3,1.5,9.9,1.0,9.7,1.4,10.0,1.1,5.9,0.9,6.3,1.4,5.5,0.9,4.6,0.7,5.0,1.0,4.3,0.8,5.7,1.1,5.3,1.5,6.2,1.4,5.3,1.0,5.1,1.4,5.4,1.5,6.3,0.8,7.7,1.0,5.1,1.1,7.8,0.9,7.1,1.2,8.5,1.3,7.6,1.0,8.9,1.4,6.4,1.2,6.3,1.0,5.6,1.1,7.0,1.3,5.6,0.8,4.7,1.1,6.3,1.0,3.4,0.7,3.6,0.9,3.3,0.9,3.4,0.8,2.8,1.0,3.9,1.0,3.1,0.7,3.0,1.0,3.3,1.0,3.6,0.7,2.4,0.8,4.7,1.1,8.2,1.1,9.0,1.4,7.5,1.4,3.0,0.7,3.1,0.9,2.9,0.9,16.5,1.2,16.7,1.7,16.4,1.3,41.1,1.3,41.4,1.9,40.8,1.7,87.3,1.0,86.3,1.6,88.1,1.6,85.2,0.9,84.0,1.5,86.2,1.7,25.4,1.6,22.0,1.8,28.5,2.1,22.5,1.4,19.8,1.7,25.0,1.9,19.1,1.1,16.5,1.4,21.5,1.5,10.1,0.9,8.2,1.2,11.9,1.1,42.8,1.4,41.3,2.3,44.1,1.4,91.9,4.8,,,,,51.4,3.0,,,,,28.9,2.1,,,,,22.5,1.6,,,,,0.0,,,,,,0.7,,,,,
0600000US4400711800,4400711800,"Burrillville town, Providence County, Rhode Island",Burrillville,16108,22,7687,296,8421,300,4.7,1.1,3.8,1.5,5.6,1.6,5.1,1.3,5.3,2.0,4.9,1.5,7.5,1.5,6.3,2.0,8.6,2.6,5.4,1.5,5.6,1.8,5.2,2.2,3.9,0.9,5.3,1.6,2.7,1.2,5.2,1.4,5.3,1.8,5.1,2.0,7.0,1.4,7.4,2.1,6.6,1.5,4.7,1.2,4.3,1.6,5.1,1.5,6.8,1.6,7.4,2.1,6.3,1.8,8.1,1.3,9.0,2.0,7.2,1.5,10.0,1.6,9.5,2.2,10.5,2.0,8.0,1.6,7.5,2.0,8.5,2.1,8.4,1.7,9.4,2.3,7.6,1.9,5.0,1.1,5.5,1.4,4.7,1.5,3.5,0.8,4.1,1.5,2.9,0.9,1.3,0.5,1.2,0.6,1.4,0.8,2.6,1.1,2.4,1.1,2.8,1.7,2.6,0.9,0.8,0.6,4.3,1.6,12.6,1.9,11.6,2.4,13.5,2.4,4.0,1.2,4.5,1.7,3.6,1.7,5.3,1.1,6.5,1.7,4.3,1.4,33.0,2.1,35.3,3.0,31.0,2.8,81.3,2.3,83.2,2.8,79.7,2.8,78.7,2.1,80.2,3.1,77.3,2.5,23.5,2.1,23.3,3.3,23.7,2.7,19.9,1.9,18.9,2.8,20.7,2.5,15.1,1.5,14.0,2.2,16.1,2.3,6.6,1.4,4.4,1.4,8.5,2.5,44.7,2.0,44.4,3.0,44.9,2.4,91.3,6.7,,,,,57.3,4.9,,,,,23.7,2.7,,,,,33.5,4.1,,,,,0.1,,,,,,1.3,,,,,
0600000US4400714140,4400714140,"Central Falls city, Providence County, Rhode Island",Central Falls,19406,33,9920,422,9486,425,10.5,1.2,11.1,2.0,9.8,1.9,8.0,1.2,8.1,1.8,8.0,1.7,7.2,1.5,8.4,2.0,5.9,1.8,6.6,1.3,5.8,1.5,7.5,2.1,10.3,1.5,9.2,1.7,11.6,2.1,8.7,1.7,9.6,2.4,7.7,2.1,8.3,1.3,9.5,2.1,7.0,1.7,5.4,1.2,6.6,1.6,4.3,1.4,7.6,1.4,7.2,2.0,8.1,1.6,7.1,1.3,7.2,1.7,7.1,1.6,5.1,1.1,5.5,1.7,4.7,1.6,4.0,1.0,4.4,1.2,3.6,1.5,3.2,0.7,3.1,1.0,3.4,0.9,2.1,0.6,1.7,0.7,2.6,1.0,1.4,0.4,0.9,0.5,1.9,0.7,1.5,0.5,1.1,0.6,1.9,0.7,1.0,0.4,0.2,0.2,1.8,0.7,1.9,0.5,0.6,0.4,3.2,1.0,15.2,1.8,16.5,2.6,13.9,2.2,4.2,1.0,3.6,1.3,4.8,1.5,12.8,1.5,11.4,1.9,14.3,2.3,47.0,2.3,47.9,3.5,46.2,2.8,73.1,2.1,71.1,3.2,75.2,2.8,70.2,2.2,68.9,3.4,71.5,2.9,11.1,1.2,7.5,1.4,14.8,1.8,9.6,1.2,6.4,1.4,12.9,1.7,7.8,1.0,4.4,1.1,11.4,1.6,4.3,0.7,1.9,0.7,6.9,1.2,28.9,1.5,28.0,2.1,29.7,1.5,104.6,9.1,,,,,60.5,5.4,,,,,12.6,1.7,,,,,47.9,5.0,,,,,0.0,,,,,,0.8,,,,,
0600000US4400914500,4400914500,"Charlestown town, Washington County, Rhode Island",Charlestown,7788,34,3964,160,3824,166,5.1,1.9,5.8,2.5,4.5,1.9,3.2,1.2,4.2,1.6,2.2,1.5,6.6,1.6,8.1,2.4,5.0,2.0,5.4,1.9,4.7,2.2,6.1,2.2,7.0,2.2,6.9,3.0,7.0,3.2,3.9,1.6,4.2,2.1,3.6,2.3,6.4,2.3,6.6,2.9,6.3,2.4,3.6,1.4,3.1,1.6,4.0,1.9,6.9,2.2,6.6,2.0,7.3,3.0,8.0,2.5,7.6,2.9,8.4,2.8,8.5,2.1,8.4,2.5,8.7,2.5,8.9,2.0,7.7,2.3,10.2,2.9,6.5,1.7,5.9,2.1,7.1,2.3,6.9,1.6,8.0,2.1,5.8,1.9,5.1,1.4,4.7,1.5,5.5,2.3,4.2,1.4,3.9,1.9,4.5,1.7,1.7,0.8,1.5,1.1,1.8,1.0,2.1,1.0,2.1,1.0,2.1,1.1,9.8,1.6,12.3,2.5,7.3,3.0,3.7,1.5,4.1,2.1,3.2,1.6,8.7,2.3,7.6,3.1,9.8,3.3,33.2,3.0,32.2,3.9,34.2,3.9,83.4,2.8,80.9,2.9,86.1,4.3,81.4,2.8,77.8,2.9,85.0,4.3,26.4,3.1,26.1,3.4,26.7,3.8,23.6,2.8,23.8,3.2,23.3,3.4,19.9,2.5,20.2,2.6,19.7,3.2,7.9,1.8,7.5,2.2,8.3,2.1,46.3,2.6,44.9,2.3,48.0,3.6,103.7,8.6,,,,,62.8,7.3,,,,,32.5,4.8,,,,,30.4,5.4,,,,,0.1,,,,,,1.7,,,,,
0600000US4400318640,4400318640,"Coventry town, Kent County, Rhode Island",Coventry,34992,33,17000,444,17992,445,4.2,0.8,4.3,1.3,4.1,1.0,5.8,0.8,5.9,1.2,5.7,1.1,6.1,0.9,6.6,1.2,5.7,1.3,6.7,0.9,8.0,1.4,5.4,1.0,6.4,0.8,6.5,1.2,6.2,1.2,5.1,0.8,5.1,1.2,5.0,1.1,4.8,0.7,4.6,1.0,5.0,0.9,5.7,1.1,6.4,1.5,5.1,1.2,7.7,0.9,6.5,1.1,8.8,1.2,9.4,1.0,9.4,1.3,9.3,1.2,8.2,0.9,9.0,1.3,7.5,1.0,8.1,0.8,8.4,1.0,7.9,1.1,7.3,1.1,7.1,1.4,7.4,1.3,4.7,0.6,4.7,0.7,4.6,0.8,3.2,0.6,2.7,0.6,3.7,0.7,2.3,0.4,2.2,0.5,2.3,0.6,2.0,0.5,1.3,0.5,2.6,0.7,2.5,0.5,1.4,0.5,3.5,0.8,11.9,1.0,12.4,1.6,11.4,1.3,4.2,0.6,5.1,1.0,3.4,0.8,8.8,0.8,9.4,1.4,8.2,1.2,36.3,1.0,37.0,1.6,35.6,1.7,82.8,0.9,81.7,1.6,83.8,1.4,79.7,1.0,78.2,1.8,81.1,1.4,21.9,1.4,19.5,1.7,24.2,1.6,18.7,1.1,16.3,1.4,20.9,1.5,14.6,0.9,12.3,1.0,16.8,1.4,6.7,0.8,4.9,0.8,8.4,1.2,43.6,0.8,42.3,1.6,44.5,0.9,94.5,4.8,,,,,53.7,2.4,,,,,22.5,1.6,,,,,31.3,1.9,,,,,0.0,,,,,,1.2,,,,,
0600000US4400719180,4400719180,"Cranston city, Providence County, Rhode Island",Cranston,80680,39,40035,749,40645,744,5.5,0.7,5.9,0.8,5.2,0.8,5.3,0.5,5.3,0.8,5.3,0.8,5.2,0.6,4.6,0.9,5.8,0.8,6.2,0.6,6.1,0.8,6.3,0.8,7.1,0.6,8.3,1.0,5.9,0.7,6.0,0.7,7.0,1.0,5.1,0.8,6.4,0.6,6.6,0.8,6.3,0.7,6.5,0.6,6.5,0.8,6.4,0.9,6.4,0.6,6.8,0.9,6.1,0.7,8.3,0.7,7.6,0.9,8.9,1.0,8.1,0.6,8.8,0.8,7.4,0.8,7.1,0.6,6.9,0.8,7.4,0.8,6.1,0.5,7.0,0.8,5.3,0.6,3.9,0.4,3.4,0.5,4.4,0.6,3.5,0.5,3.0,0.6,4.0,0.7,2.5,0.3,2.0,0.4,2.9,0.5,2.6,0.4,2.3,0.5,3.0,0.5,3.1,0.4,2.0,0.4,4.2,0.7,10.5,0.7,9.9,1.1,11.1,1.1,3.3,0.4,3.2,0.6,3.4,0.6,9.9,0.7,11.2,0.9,8.7,0.9,38.6,1.0,41.3,1.4,36.0,1.3,83.0,0.8,83.3,1.4,82.8,1.2,80.6,0.8,81.0,1.4,80.3,1.2,21.8,0.7,19.6,1.0,23.9,1.1,19.3,0.7,16.8,0.9,21.7,1.0,15.6,0.7,12.6,0.8,18.6,1.0,8.2,0.6,6.2,0.7,10.1,0.8,41.3,0.9,39.7,1.4,43.0,1.3,98.5,3.6,,,,,53.9,2.3,,,,,24.0,1.2,,,,,29.8,1.6,,,,,0.1,,,,,,1.4,,,,,
0600000US4400720080,4400720080,"Cumberland town, Providence County, Rhode Island",Cumberland,33930,26,16395,527,17535,527,4.3,0.8,4.2,1.0,4.4,1.0,6.0,0.9,7.5,1.4,4.6,1.0,6.8,0.9,7.1,1.4,6.5,1.2,6.6,0.9,6.8,1.1,6.4,1.3,4.8,0.7,4.7,1.3,4.9,1.1,6.1,1.0,7.0,1.5,5.3,1.1,5.4,1.0,5.3,1.4,5.5,1.3,6.0,0.9,5.3,1.1,6.7,1.2,7.2,0.9,7.3,1.3,7.0,1.3,8.3,1.0,8.4,1.3,8.1,1.4,9.6,1.0,8.8,1.3,10.2,1.4,6.1,1.0,6.9,1.4,5.3,1.2,5.8,1.0,5.3,1.1,6.3,1.4,5.4,0.8,5.5,1.2,5.3,1.0,3.3,0.6,3.7,0.9,3.0,1.0,3.0,0.6,2.0,0.7,3.9,0.9,2.8,0.7,2.4,0.9,3.2,0.8,2.5,0.6,1.8,0.8,3.2,1.0,12.8,0.9,14.6,1.5,11.1,1.5,4.9,0.8,5.2,0.9,4.6,1.1,6.5,0.8,6.3,1.4,6.7,1.3,36.1,1.2,36.4,2.1,35.8,1.5,81.3,1.0,79.2,1.6,83.2,1.7,78.0,1.0,76.0,1.7,79.9,1.8,22.9,1.2,20.7,1.7,25.0,1.7,20.8,1.1,18.9,1.7,22.6,1.5,17.1,0.8,15.3,1.3,18.7,1.4,8.3,0.9,6.2,1.2,10.4,1.3,43.1,1.0,41.7,1.1,44.2,1.3,93.5,5.8,,,,,64.0,3.4,,,,,28.0,1.7,,,,,36.1,2.3,,,,,0.0,,,,,,0.7,,,,,
0600000US4400322240,4400322240,"East Greenwich town, Kent County, Rhode Island",East Greenwich,13118,37,6434,234,6684,238,4.3,1.1,5.1,1.4,3.5,1.5,8.1,1.4,9.1,2.2,7.2,1.7,7.2,1.1,6.7,1.5,7.6,1.8,6.6,1.4,6.5,2.0,6.8,2.0,4.2,1.2,4.0,1.8,4.5,1.5,4.4,1.5,5.8,2.8,2.9,1.4,4.1,1.3,5.0,1.7,3.2,1.7,4.8,1.3,4.5,1.6,5.1,1.5,8.3,1.5,7.9,1.7,8.7,1.8,9.3,1.4,7.9,1.7,10.5,2.0,8.3,1.5,8.2,2.0,8.3,2.1,8.0,1.5,8.5,1.9,7.5,1.9,6.6,1.3,6.4,1.9,6.7,1.6,4.0,1.0,4.7,1.5,3.4,1.3,3.9,0.9,4.7,1.5,3.1,1.1,2.6,0.9,1.3,0.7,3.9,1.6,2.5,0.8,2.1,0.8,2.9,1.1,2.8,0.9,1.4,0.7,4.1,1.6,15.3,1.7,15.8,2.5,14.8,2.2,4.9,1.1,4.4,1.6,5.3,1.8,6.0,1.3,6.0,2.1,6.0,1.7,32.5,1.8,33.8,2.5,31.3,2.8,78.3,1.8,76.6,2.6,80.0,2.4,75.5,1.4,74.6,2.5,76.4,2.2,22.4,1.9,20.6,2.5,24.1,2.6,19.7,1.7,17.9,2.4,21.4,2.6,15.8,1.4,14.2,1.7,17.4,2.4,7.9,1.3,4.8,1.0,11.0,2.2,43.4,1.4,41.8,1.5,45.3,1.6,96.3,6.9,,,,,67.4,4.6,,,,,26.5,2.9,,,,,41.0,3.2,,,,,0.3,,,,,,1.4,,,,,
0600000US4400722960,4400722960,"East Providence city, Providence County, Rhode Island",East Providence,47166,43,21945,608,25221,609,6.4,0.9,7.1,1.5,5.8,1.1,5.3,0.8,6.2,1.2,4.6,0.8,5.6,0.7,5.7,1.1,5.5,1.1,4.6,0.8,5.8,1.3,3.6,1.0,5.6,0.8,6.0,1.2,5.2,0.9,6.6,0.9,7.7,1.3,5.7,1.0,7.1,0.8,7.2,1.2,7.0,1.0,6.6,0.8,6.6,1.1,6.6,1.3,6.0,0.7,6.0,1.0,5.9,1.0,7.3,0.7,7.7,1.1,7.1,0.9,7.8,1.0,8.1,1.4,7.6,1.1,7.5,0.7,7.3,1.2,7.7,0.8,5.9,0.6,5.3,1.0,6.4,0.9,4.3,0.7,3.9,0.8,4.7,0.8,3.8,0.5,3.0,0.6,4.6,0.8,2.8,0.5,2.7,0.6,2.9,0.7,2.8,0.5,1.8,0.5,3.7,0.8,3.9,0.5,2.1,0.6,5.5,0.8,10.9,1.0,11.9,1.6,10.0,1.3,3.3,0.7,4.2,1.1,2.5,0.7,6.8,0.8,7.5,1.4,6.2,1.1,36.4,1.2,39.2,2.1,34.0,1.5,81.5,1.2,79.7,1.8,83.1,1.7,79.4,1.3,76.7,1.9,81.6,1.8,23.6,1.2,18.7,1.4,27.8,1.8,20.6,1.0,16.6,1.3,24.1,1.6,17.7,0.9,13.4,1.1,21.4,1.5,9.5,0.7,6.6,0.8,12.1,1.2,41.6,1.3,38.1,1.9,45.1,1.9,87.0,4.5,,,,,62.1,3.4,,,,,28.7,1.8,,,,,33.5,2.7,,,,,0.1,,,,,,1.2,,,,,
0600000US4400925300,4400925300,"Exeter town, Washington County, Rhode Island",Exeter,6673,176,3354,234,3319,256,2.6,1.4,2.1,2.0,3.1,2.0,6.6,2.5,8.2,4.1,5.0,2.7,4.8,1.8,2.8,2.2,6.8,3.3,6.9,2.0,5.9,2.8,8.0,3.0,9.3,3.4,9.3,3.8,9.4,5.0,3.4,2.1,5.3,3.5,1.5,1.5,3.2,1.6,3.1,1.9,3.2,1.9,4.5,2.2,5.2,2.8,3.8,2.2,8.0,2.0,5.5,2.5,10.4,2.5,8.8,2.6,9.8,3.0,7.7,3.3,10.6,3.2,13.1,4.5,8.1,3.2,9.1,2.6,6.1,2.6,12.1,4.2,10.9,3.0,12.7,4.4,9.2,5.0,4.2,1.4,4.0,2.3,4.4,1.9,3.2,1.4,4.0,1.8,2.4,1.8,1.6,1.1,1.0,0.9,2.2,1.6,1.0,0.8,1.2,1.2,0.8,0.9,1.2,0.8,0.5,0.7,2.0,1.7,11.4,2.8,11.0,4.1,11.8,4.4,3.3,1.4,2.4,1.9,4.1,2.1,13.0,3.5,12.8,4.5,13.2,5.1,35.3,3.3,34.3,5.1,36.3,5.2,84.9,3.2,86.2,5.0,83.5,4.7,82.7,3.4,84.4,5.0,80.9,4.7,22.2,3.6,23.4,5.7,20.9,4.9,18.6,3.2,17.9,4.4,19.3,4.8,11.2,2.5,10.7,2.7,11.7,3.8,3.9,1.8,2.7,1.5,5.0,2.8,45.3,2.8,46.0,3.5,44.1,3.4,101.1,14.1,,,,,40.0,7.1,,,,,15.7,4.0,,,,,24.2,5.7,,,,,0.0,,,,,,0.0,,,,,
0600000US4400727460,4400727460,"Foster town, Providence County, Rhode Island",Foster,4642,31,2386,143,2256,143,4.2,1.9,5.5,3.4,2.8,1.9,3.8,1.7,5.3,2.6,2.3,1.5,4.9,1.8,4.4,2.4,5.4,3.0,7.4,2.7,6.6,3.1,8.2,3.7,9.1,3.0,10.4,3.8,7.7,3.8,3.7,1.9,2.1,1.6,5.3,3.6,4.4,1.7,4.9,2.5,3.9,2.3,5.6,2.1,5.0,2.3,6.1,3.2,8.2,2.2,8.5,3.1,7.9,3.0,8.4,3.1,8.5,3.6,8.3,4.1,11.5,3.5,13.0,3.7,10.1,4.0,8.2,2.6,7.3,2.6,9.2,3.3,6.3,2.3,7.0,3.0,5.6,2.4,4.8,1.4,3.4,1.5,6.3,2.0,4.0,1.6,2.6,1.6,5.4,2.5,1.8,0.9,1.8,1.4,1.9,1.3,0.9,0.6,1.1,0.9,0.7,0.9,2.7,1.1,2.5,1.5,3.0,1.4,8.7,2.3,9.7,3.3,7.7,3.3,4.4,1.7,3.9,2.5,4.8,2.6,12.2,3.6,13.1,4.5,11.2,4.7,38.4,2.9,37.6,4.0,39.1,4.4,85.4,2.6,82.4,4.6,88.6,3.7,82.7,2.4,80.8,4.7,84.7,3.9,20.5,3.4,18.4,4.2,22.8,4.2,18.0,2.7,16.3,3.7,19.7,3.6,14.2,2.2,11.4,2.4,17.2,3.7,5.5,1.5,5.4,2.0,5.5,2.0,44.6,1.7,43.8,3.5,45.4,3.4,105.8,12.8,,,,,46.0,7.3,,,,,20.8,4.1,,,,,25.3,4.6,,,,,0.0,,,,,,1.1,,,,,
0600000US4400730340,4400730340,"Glocester town, Providence County, Rhode Island",Glocester,9844,29,4868,256,4976,254,4.2,1.3,3.8,1.6,4.6,2.0,4.8,1.4,5.4,2.2,4.2,1.6,6.0,1.5,5.6,2.0,6.4,2.2,5.3,1.6,6.1,2.3,4.6,2.0,9.0,1.9,10.0,3.7,8.1,2.4,4.9,1.5,7.0,2.3,2.8,1.6,3.4,1.1,2.1,1.1,4.7,1.5,3.3,1.2,2.9,1.8,3.7,1.6,8.6,1.9,7.8,2.2,9.3,2.4,10.9,1.8,11.0,2.3,10.8,2.6,8.6,1.4,8.8,2.3,8.3,2.0,9.5,1.7,9.8,2.0,9.3,2.5,8.2,1.8,7.9,2.1,8.5,2.4,5.1,1.2,4.9,1.7,5.2,1.4,3.1,0.9,3.5,1.3,2.7,1.1,1.2,0.7,0.4,0.5,2.1,1.1,1.7,0.7,2.1,1.1,1.4,0.8,2.1,0.8,0.9,0.8,3.2,1.4,10.9,1.7,11.1,2.9,10.7,2.4,3.3,1.2,3.4,1.6,3.3,1.8,11.0,2.0,12.7,3.7,9.4,2.5,34.6,2.2,35.9,3.7,33.3,3.5,83.7,2.0,83.1,3.9,84.2,2.5,81.6,1.7,81.8,3.7,81.5,2.6,21.4,2.3,19.7,3.0,23.0,3.3,17.6,1.9,16.5,3.0,18.8,2.5,13.1,1.3,11.7,2.2,14.5,2.1,5.0,1.2,3.4,1.3,6.6,2.0,45.3,1.9,43.9,3.1,46.0,2.1,97.8,10.2,,,,,46.0,3.6,,,,,19.2,2.1,,,,,26.8,3.0,,,,,0.0,,,,,,0.7,,,,,
0600000US4400935380,4400935380,"Hopkinton town, Washington County, Rhode Island",Hopkinton,8144,18,4245,169,3899,169,3.0,1.2,4.7,2.1,1.1,0.8,4.3,1.7,4.1,1.7,4.6,2.8,7.0,2.2,6.6,3.1,7.4,3.1,5.0,2.1,2.4,1.8,7.8,3.4,6.6,2.2,7.5,3.0,5.7,2.8,3.2,1.7,4.0,2.3,2.4,2.0,4.3,1.5,3.5,1.9,5.1,2.0,6.2,1.8,6.5,2.6,6.0,2.6,7.6,2.0,9.4,3.4,5.6,2.3,10.4,2.6,8.0,2.5,13.0,3.5,10.0,2.6,11.3,3.4,8.6,3.4,7.6,2.3,7.0,2.7,8.3,2.7,9.4,2.4,9.5,3.0,9.2,3.2,5.5,2.1,6.5,3.2,4.3,1.9,3.4,1.6,3.6,2.0,3.1,1.9,1.5,1.1,0.8,0.9,2.4,1.7,2.5,1.4,1.4,1.3,3.7,2.0,2.6,1.5,3.2,2.2,1.9,1.6,11.3,2.9,10.7,3.5,11.9,3.7,2.8,1.6,0.0,0.8,5.8,3.2,8.8,2.5,9.9,3.3,7.7,3.3,32.9,2.9,33.2,4.3,32.5,4.2,85.0,3.1,84.5,4.0,85.5,3.7,82.9,3.1,84.5,4.0,81.2,3.9,24.8,3.4,25.1,4.4,24.6,4.3,21.6,3.1,22.8,4.0,20.3,3.8,15.5,2.5,15.5,3.8,15.4,2.9,6.6,2.2,5.4,2.8,7.9,2.6,46.6,2.8,46.8,4.7,46.6,2.8,108.9,9.0,,,,,48.2,6.9,,,,,22.9,4.3,,,,,25.3,5.5,,,,,0.0,,,,,,3.6,,,,,
0600000US4400536820,4400536820,"Jamestown town, Newport County, Rhode Island",Jamestown,5444,24,2731,186,2713,188,2.9,1.4,3.2,1.9,2.5,2.3,4.8,2.0,4.5,2.6,5.1,2.7,5.3,2.3,3.0,2.5,7.6,3.5,7.1,2.8,10.1,4.5,4.0,2.1,4.2,2.1,6.2,3.8,2.2,1.9,0.9,1.0,0.9,1.1,0.9,1.2,1.4,1.2,2.1,2.0,0.8,1.2,4.5,2.3,5.1,3.3,3.9,2.8,6.6,2.1,4.1,2.5,9.3,2.6,10.3,3.2,12.6,4.8,8.0,3.4,8.5,3.2,7.5,3.8,9.6,3.3,12.9,3.4,10.2,4.2,15.5,5.2,10.5,3.7,11.5,4.7,9.4,4.6,8.3,2.4,6.8,3.6,9.8,2.8,5.1,1.6,5.5,2.8,4.6,2.2,3.2,1.8,3.4,2.1,3.0,2.1,2.2,1.2,2.4,2.1,2.0,1.5,1.3,1.0,0.9,1.1,1.7,1.6,10.1,2.6,7.5,4.0,12.8,3.9,3.3,1.3,3.9,2.0,2.7,1.9,8.0,3.0,12.4,5.4,3.6,2.3,24.7,3.6,28.4,6.0,21.0,3.3,85.6,2.4,87.3,4.6,84.0,4.4,83.7,2.1,85.3,4.4,82.0,4.0,30.5,4.3,30.5,5.8,30.5,5.5,24.8,3.5,22.9,4.5,26.7,4.4,20.1,2.5,19.0,3.5,21.1,3.3,6.7,2.4,6.8,2.9,6.6,3.0,51.4,3.1,49.5,3.0,53.1,3.2,100.7,13.6,,,,,57.2,6.7,,,,,31.5,4.9,,,,,25.6,3.9,,,,,0.0,,,,,,0.0,,,,,
0600000US4400737720,4400737720,"Johnston town, Providence County, Rhode Island",Johnston,28987,30,13812,437,15175,436,4.2,0.8,4.6,1.2,3.8,1.0,4.7,0.7,6.2,1.4,3.3,1.0,5.9,1.1,6.3,1.7,5.4,1.4,6.2,1.1,5.8,1.7,6.6,1.6,5.0,1.0,5.5,1.3,4.6,1.5,5.3,1.1,4.9,1.4,5.6,1.4,6.6,1.4,7.9,2.1,5.4,1.1,5.2,0.9,5.1,1.2,5.3,1.2,7.2,1.2,6.9,1.6,7.5,1.4,8.1,1.2,8.1,1.5,8.2,1.4,7.4,1.3,7.9,1.8,7.0,1.2,7.3,1.3,7.7,1.8,7.0,1.5,7.4,1.3,7.2,1.4,7.6,1.5,5.0,0.9,4.1,1.2,5.9,1.1,3.8,0.8,3.9,1.1,3.8,1.0,3.1,0.7,2.9,0.8,3.2,1.0,4.2,0.8,3.0,0.9,5.2,1.3,3.4,0.7,2.1,0.8,4.6,1.1,10.5,1.1,12.5,2.2,8.8,1.5,4.2,0.9,3.9,1.3,4.6,1.3,7.0,1.1,7.4,1.7,6.6,1.6,35.5,1.9,36.1,2.7,35.0,2.5,84.3,1.2,82.4,2.3,86.0,2.0,81.1,1.1,79.1,2.3,82.9,1.8,26.9,2.0,23.2,2.3,30.3,2.4,23.9,1.7,20.5,2.2,27.0,2.2,19.5,1.3,15.9,1.8,22.7,1.9,10.6,1.2,8.0,1.3,13.1,1.8,44.9,1.1,42.9,2.0,46.3,1.5,91.0,5.5,,,,,62.4,3.8,,,,,31.7,2.7,,,,,30.8,2.3,,,,,0.1,,,,,,1.4,,,,,
0600000US4400741500,4400741500,"Lincoln town, Providence County, Rhode Island",Lincoln,21300,49,10301,422,10999,422,4.8,1.1,6.3,1.7,3.4,1.2,5.6,1.1,6.3,2.0,5.0,1.3,8.0,1.3,8.8,2.0,7.3,1.6,5.7,1.0,6.6,1.7,4.8,1.5,6.6,1.4,6.9,2.1,6.4,1.8,7.2,1.4,6.7,1.7,7.7,2.0,4.4,1.0,4.4,1.5,4.4,1.5,4.3,1.0,4.7,1.8,4.0,1.3,7.0,1.5,6.3,1.7,7.7,1.6,8.5,1.5,8.0,1.9,9.0,1.9,7.8,1.2,6.9,1.5,8.7,1.6,8.0,1.3,7.6,1.7,8.4,2.0,5.9,1.2,5.8,1.5,5.9,1.4,5.0,1.1,5.8,1.5,4.3,1.2,3.7,0.8,2.8,1.0,4.4,1.2,2.6,0.7,2.8,0.9,2.4,1.0,2.3,0.6,2.0,0.6,2.6,1.0,2.5,0.9,1.4,0.7,3.5,1.5,13.7,1.9,15.2,2.8,12.3,2.0,4.2,0.8,5.2,1.4,3.1,1.1,8.1,1.5,8.2,2.0,8.1,1.9,35.3,1.9,35.5,2.7,35.1,2.6,80.1,1.8,77.2,2.8,82.9,2.3,77.4,1.7,73.4,2.6,81.2,2.2,21.9,2.0,20.6,2.6,23.1,2.2,18.8,1.8,16.7,2.0,20.8,2.2,16.0,1.6,14.8,2.0,17.2,2.0,7.3,1.3,6.1,1.4,8.4,1.8,42.8,1.7,39.6,2.9,44.4,1.9,93.7,7.5,,,,,62.8,5.1,,,,,26.1,3.1,,,,,36.8,3.5,,,,,0.2,,,,,,1.6,,,,,
0600000US4400542400,4400542400,"Little Compton town, Newport County, Rhode Island",Little Compton,3491,20,1565,135,1926,134,4.0,1.9,4.1,2.3,3.9,2.6,4.6,2.5,5.9,3.1,3.6,2.6,6.7,2.2,7.3,3.4,6.1,2.5,5.2,1.8,2.8,1.8,7.2,3.0,6.0,3.1,1.5,1.4,9.7,5.5,3.0,1.8,4.9,3.9,1.4,1.4,3.4,1.7,3.8,2.0,3.1,2.4,1.9,1.0,2.2,1.5,1.6,1.5,8.3,2.3,10.1,4.0,6.9,2.1,7.3,2.7,6.5,3.4,7.9,3.5,9.7,2.7,11.3,3.9,8.3,2.7,7.1,2.2,5.4,2.5,8.5,3.1,7.9,2.7,8.9,3.9,7.0,2.9,9.4,3.2,11.0,4.1,8.1,3.0,5.0,1.8,5.2,2.4,4.8,1.8,4.6,1.6,5.4,2.6,4.0,1.9,2.3,1.4,1.5,1.5,3.0,2.0,3.6,1.7,2.2,1.6,4.8,2.4,11.3,3.3,13.2,5.0,9.8,3.5,2.9,1.5,1.4,1.4,4.1,2.4,8.4,3.3,2.9,2.4,12.8,5.5,27.8,4.1,25.2,4.9,29.9,5.5,84.3,4.0,82.7,5.3,85.7,4.3,81.8,3.9,81.3,5.1,82.2,4.3,32.8,5.0,34.2,6.3,31.7,5.2,30.9,4.5,32.9,6.0,29.3,4.6,24.9,3.7,25.2,5.1,24.7,3.8,10.5,2.5,9.0,3.5,11.8,3.0,49.8,4.0,51.2,3.7,49.3,5.1,81.3,12.7,,,,,75.9,11.5,,,,,43.8,8.3,,,,,32.0,8.0,,,,,0.0,,,,,,1.7,,,,,
0600000US4400545460,4400545460,"Middletown town, Newport County, Rhode Island",Middletown,16081,50,7736,279,8345,283,5.5,1.1,4.8,1.4,6.2,1.7,6.2,1.0,6.4,1.6,6.1,1.2,8.1,1.4,8.5,2.0,7.8,1.7,5.1,1.0,6.1,1.5,4.2,1.7,5.5,1.2,5.1,1.8,5.8,1.8,5.1,1.1,4.9,1.5,5.4,1.5,5.5,1.6,5.9,1.9,5.1,1.7,5.7,1.1,5.6,1.7,5.8,1.2,7.1,1.3,7.4,1.9,6.9,1.5,6.8,1.2,6.9,2.0,6.7,1.5,8.6,1.2,9.7,1.7,7.6,1.5,8.1,1.2,7.6,1.3,8.6,1.7,5.4,1.3,6.0,1.6,4.9,1.5,4.9,1.0,4.7,1.3,5.0,1.2,3.4,0.7,2.9,0.9,3.9,1.0,3.2,0.8,2.9,1.0,3.5,1.0,2.2,0.7,2.4,1.2,2.0,0.8,3.5,1.0,2.3,1.1,4.7,1.4,14.3,1.4,14.9,2.0,13.8,1.6,4.1,0.8,5.8,1.5,2.6,1.2,6.5,1.3,5.4,1.8,7.5,1.9,34.1,1.9,35.1,2.7,33.1,2.6,78.6,1.4,78.1,2.2,79.1,2.2,76.1,1.4,74.6,2.3,77.4,2.4,22.6,2.1,21.1,2.5,24.1,2.6,19.3,1.8,17.4,2.2,21.1,2.2,17.2,1.4,15.1,1.9,19.1,1.9,8.9,1.3,7.5,1.6,10.2,1.7,42.5,2.0,42.2,2.8,42.8,2.6,92.7,6.5,,,,,69.8,4.1,,,,,29.2,2.9,,,,,40.7,2.9,,,,,0.3,,,,,,0.7,,,,,
0600000US4400948340,4400948340,"Narragansett town, Washington County, Rhode Island",Narragansett,15786,18,7928,428,7858,426,2.9,0.8,2.6,1.2,3.3,1.4,4.2,0.8,4.3,1.2,4.0,1.3,3.8,0.9,5.0,1.4,2.6,1.0,8.0,3.0,8.4,3.9,7.7,3.1,18.5,3.7,22.4,4.6,14.7,5.3,3.4,1.2,2.6,1.1,4.3,2.0,3.3,1.1,3.8,1.7,2.9,1.2,4.5,1.1,4.4,1.6,4.5,1.3,4.2,1.3,3.8,1.4,4.6,1.7,6.6,1.3,6.2,1.7,7.0,1.6,7.6,1.6,7.9,2.1,7.3,1.9,6.6,1.6,7.1,2.1,6.2,1.9,7.9,1.2,6.4,1.6,9.3,1.8,6.0,1.3,5.8,1.5,6.3,1.5,4.9,1.1,4.2,1.3,5.6,1.6,2.3,0.8,2.5,1.0,2.2,1.0,3.0,0.9,1.5,0.7,4.5,1.6,2.1,0.7,1.2,0.6,3.0,1.4,8.0,1.3,9.3,2.0,6.6,1.7,3.2,0.9,3.0,1.2,3.5,1.4,23.3,4.4,27.8,5.8,18.9,5.4,42.0,4.1,45.3,5.5,38.6,4.8,88.1,1.5,87.1,2.5,89.2,2.2,85.8,1.7,85.1,2.8,86.6,2.1,26.2,2.3,21.6,3.0,30.9,2.9,23.5,2.2,20.0,2.9,27.1,2.5,18.4,1.7,15.2,2.3,21.6,2.2,7.4,1.2,5.2,1.3,9.7,1.8,41.5,3.8,37.3,6.6,46.2,3.4,100.9,11.0,,,,,48.2,5.3,,,,,27.2,3.4,,,,,21.0,3.0,,,,,0.0,,,,,,1.3,,,,,
0600000US4400950500,4400950500,"New Shoreham town, Washington County, Rhode Island",New Shoreham,893,175,436,94,457,94,3.7,3.5,4.6,4.4,2.8,3.3,1.8,1.8,1.1,1.7,2.4,2.2,4.0,2.7,3.2,2.6,4.8,4.3,3.9,3.2,5.0,5.8,2.8,3.8,1.9,2.3,1.1,1.5,2.6,3.7,4.8,3.0,4.4,3.3,5.3,5.0,4.1,2.8,6.9,5.9,1.5,1.4,4.1,3.0,3.4,3.8,4.8,4.9,4.3,3.0,5.7,5.1,2.8,3.8,5.6,3.4,6.2,4.8,5.0,4.3,11.3,4.0,8.5,6.1,14.0,6.3,11.8,5.3,14.2,7.0,9.4,6.2,13.5,5.7,15.8,7.2,11.4,6.1,11.8,5.9,9.6,6.8,13.8,7.5,3.5,2.5,2.8,3.3,4.2,4.1,1.2,1.3,0.7,1.2,1.8,2.1,4.5,3.3,3.4,2.8,5.5,5.0,4.1,3.5,3.2,3.6,5.0,4.7,5.8,3.6,4.4,3.0,7.2,5.1,2.1,2.5,3.0,4.6,1.3,2.0,3.7,2.7,3.2,3.8,4.2,4.3,23.2,5.5,26.6,7.6,19.9,7.4,90.5,4.9,91.1,5.1,89.9,6.1,88.4,6.2,88.1,6.4,88.6,6.8,38.6,8.8,35.6,9.7,41.6,10.2,33.8,8.6,30.0,9.2,37.4,9.9,25.1,7.3,19.7,8.1,30.2,8.9,9.9,4.1,7.3,4.2,12.3,5.5,55.1,2.7,54.9,3.9,55.4,3.9,95.4,14.5,,,,,58.1,18.2,,,,,39.6,14.9,,,,,18.4,10.9,,,,,0.0,,,,,,0.8,,,,,
0600000US4400549960,4400549960,"Newport city, Newport County, Rhode Island",Newport,24599,34,12107,292,12492,299,4.3,0.8,4.8,1.5,3.7,0.9,4.0,0.9,4.1,1.6,3.8,1.1,3.8,0.7,3.9,1.1,3.7,1.0,8.0,1.2,6.1,1.6,9.7,1.3,9.7,1.9,10.1,2.2,9.4,2.1,10.1,1.2,11.6,1.8,8.6,1.4,7.9,1.0,8.1,1.4,7.7,1.2,6.8,1.2,7.8,1.7,5.8,1.4,5.8,1.0,5.9,1.4,5.6,1.2,6.0,1.0,6.1,1.3,6.0,1.3,6.4,0.8,6.3,1.2,6.5,1.0,6.7,1.0,6.1,1.3,7.3,1.3,6.0,0.8,6.0,1.1,6.0,1.2,4.5,0.7,4.9,1.1,4.2,0.9,3.2,0.6,2.8,0.7,3.5,0.7,2.4,0.5,2.8,0.8,2.1,0.6,2.1,0.5,1.4,0.6,2.7,0.8,2.3,0.5,1.0,0.5,3.6,0.9,7.8,0.8,8.0,1.5,7.5,1.1,2.9,0.6,2.2,0.7,3.5,1.0,14.8,1.7,14.0,2.3,15.6,2.1,48.3,1.6,49.8,2.6,46.8,1.9,87.3,1.2,86.6,2.5,87.9,1.5,85.1,1.2,85.0,2.5,85.3,1.6,20.6,1.4,18.9,1.9,22.2,1.7,18.1,1.3,16.5,1.7,19.6,1.6,14.6,1.0,12.9,1.4,16.2,1.4,6.8,0.8,5.2,1.1,8.4,1.1,36.5,0.9,35.9,1.9,37.4,1.5,96.9,4.6,,,,,41.7,2.6,,,,,20.6,1.6,,,,,21.1,2.1,,,,,0.1,,,,,,3.3,,,,,
0600000US4400951580,4400951580,"North Kingstown town, Washington County, Rhode Island",North Kingstown,26404,24,12839,323,13565,324,4.4,0.7,4.5,1.0,4.3,0.9,6.8,0.9,6.9,1.3,6.6,1.3,6.9,0.7,7.3,1.0,6.5,1.1,7.0,1.1,7.4,1.5,6.6,1.4,6.3,1.3,6.4,1.6,6.1,1.7,4.9,0.9,4.7,1.2,5.0,1.1,4.1,0.8,4.2,1.0,4.1,1.0,5.6,0.8,5.1,1.1,6.1,1.2,6.9,1.0,7.3,1.3,6.4,1.1,7.5,1.0,7.1,1.2,8.0,1.2,9.1,1.1,9.7,1.3,8.6,1.3,8.7,0.9,9.2,1.1,8.2,1.1,6.8,0.9,6.4,1.0,7.2,1.1,5.3,0.6,5.4,0.9,5.2,0.8,3.4,0.5,2.8,0.6,3.9,0.7,2.6,0.6,2.4,0.7,2.8,0.8,1.9,0.5,2.0,0.6,1.8,0.6,1.9,0.5,1.2,0.5,2.6,0.9,13.6,0.9,14.2,1.6,13.2,1.4,5.3,0.8,5.7,1.0,4.9,1.2,8.0,1.3,8.2,1.9,7.8,1.6,34.7,1.3,35.2,2.0,34.3,2.0,80.2,1.0,79.4,1.5,80.9,1.6,76.6,0.9,75.6,1.5,77.6,1.6,21.8,1.1,20.2,1.3,23.4,1.4,19.2,1.0,17.8,1.2,20.5,1.3,15.0,0.9,13.8,1.1,16.2,1.3,6.4,0.8,5.6,0.9,7.2,1.1,42.7,0.8,42.3,1.0,43.4,1.6,94.6,4.7,,,,,62.4,3.3,,,,,24.4,1.8,,,,,37.9,2.1,,,,,0.0,,,,,,1.3,,,,,
0600000US4400751760,4400751760,"North Providence town, Providence County, Rhode Island",North Providence,32208,41,15045,467,17163,462,4.2,0.9,5.3,1.6,3.2,1.1,4.5,0.9,5.5,1.5,3.7,1.0,5.2,0.9,5.4,1.3,5.1,1.4,3.8,0.8,3.4,1.2,4.3,1.2,5.8,1.1,6.8,1.6,4.9,1.4,6.8,1.5,6.4,1.8,7.2,1.8,6.6,1.2,6.8,1.7,6.4,1.4,6.2,1.0,6.5,1.6,6.0,1.3,7.3,1.1,7.4,1.3,7.3,1.4,6.4,0.9,6.6,1.4,6.3,1.3,8.5,1.3,9.4,1.7,7.8,1.4,6.9,1.2,6.1,1.4,7.6,1.5,7.0,1.3,7.0,1.6,7.1,1.6,5.5,0.9,5.2,1.3,5.8,1.2,4.0,0.8,3.6,0.9,4.2,1.1,3.9,0.8,3.1,0.7,4.6,1.2,3.2,0.7,3.0,0.9,3.4,1.0,3.9,1.0,2.7,1.0,4.9,1.4,9.7,1.2,10.8,1.9,8.8,1.4,2.2,0.6,2.1,0.8,2.4,0.8,7.4,1.3,8.1,1.7,6.8,1.6,36.6,1.5,37.2,2.5,36.1,1.9,85.5,1.1,83.2,2.2,87.5,1.3,83.8,1.2,81.9,2.4,85.6,1.4,27.6,1.9,24.6,2.5,30.1,2.4,24.9,1.8,22.1,2.4,27.4,2.3,20.5,1.4,17.7,1.9,23.0,2.0,11.0,1.3,8.8,1.4,13.0,1.9,44.6,1.5,42.5,1.7,46.7,1.5,87.7,5.1,,,,,57.9,3.8,,,,,32.4,2.8,,,,,25.5,2.2,,,,,0.2,,,,,,0.7,,,,,
0600000US4400752480,4400752480,"North Smithfield town, Providence County, Rhode Island",North Smithfield,12106,38,5506,295,6600,295,4.5,1.3,4.9,1.8,4.1,1.5,4.7,1.9,3.0,1.3,6.1,3.3,5.8,1.3,6.9,2.0,4.8,1.5,6.3,1.3,6.6,2.2,6.0,2.0,5.7,1.4,5.7,2.3,5.7,1.9,4.5,1.7,4.1,2.1,4.9,2.2,5.4,1.3,6.6,1.8,4.3,1.4,5.2,1.9,5.3,2.0,5.1,2.5,5.9,1.3,5.9,1.9,5.9,1.5,7.3,1.1,7.9,1.9,6.8,1.6,7.6,2.0,7.4,2.2,7.7,2.2,7.9,2.1,8.8,2.8,7.3,2.3,7.5,1.6,8.4,2.2,6.8,1.8,5.3,1.2,6.3,1.8,4.4,1.4,5.1,1.4,5.2,2.0,5.0,1.4,3.6,1.1,2.3,1.1,4.6,1.6,2.9,1.1,1.6,0.9,4.0,1.8,4.9,2.1,3.1,1.8,6.3,3.2,10.5,2.4,9.9,2.3,11.0,3.6,4.8,1.1,5.2,2.2,4.5,1.9,7.2,1.6,7.1,2.3,7.3,2.2,32.9,2.9,34.1,3.7,31.9,3.5,83.0,2.6,82.7,3.0,83.3,3.7,80.2,2.3,80.0,3.3,80.5,3.5,29.2,3.3,27.0,3.1,31.1,4.6,25.7,3.0,23.2,2.9,27.8,4.3,21.7,3.1,18.6,3.0,24.3,4.2,11.3,2.7,7.0,2.1,15.0,3.9,46.9,2.9,45.6,2.7,48.0,3.5,83.4,8.2,,,,,70.8,10.7,,,,,37.0,7.3,,,,,33.7,5.4,,,,,0.2,,,,,,3.9,,,,,
0600000US4400754640,4400754640,"Pawtucket city, Providence County, Rhode Island",Pawtucket,71313,41,34729,542,36584,541,6.7,0.6,6.5,0.9,6.8,0.8,6.2,0.6,6.4,0.9,6.1,0.8,6.5,0.5,7.0,1.0,5.9,0.8,6.2,0.5,6.6,0.8,5.8,0.8,6.8,0.6,7.2,1.0,6.4,0.7,7.9,0.7,7.9,0.9,7.9,0.9,7.6,0.6,8.0,0.9,7.2,0.8,7.2,0.8,7.6,1.1,6.7,0.9,6.7,0.6,6.4,0.8,7.0,0.8,6.9,0.6,6.7,0.9,7.2,0.7,6.7,0.6,6.9,0.8,6.5,0.8,7.6,0.6,7.2,0.9,8.0,0.7,4.8,0.5,4.6,0.6,4.9,0.6,3.4,0.4,3.3,0.5,3.4,0.5,3.0,0.4,2.7,0.4,3.2,0.5,2.3,0.3,2.1,0.4,2.5,0.5,1.7,0.2,1.5,0.3,1.9,0.4,1.9,0.3,1.2,0.3,2.7,0.5,12.7,0.8,13.4,1.2,12.0,1.1,3.5,0.4,3.9,0.6,3.2,0.5,9.5,0.7,9.9,1.0,9.0,0.9,42.4,0.9,43.9,1.5,41.0,1.3,79.5,0.9,78.8,1.5,80.0,1.1,77.1,0.9,76.2,1.4,78.0,1.1,17.0,0.8,15.4,1.0,18.5,1.2,14.8,0.7,13.0,0.9,16.5,1.1,12.2,0.6,10.8,0.7,13.6,1.0,5.9,0.4,4.7,0.5,7.0,0.7,36.5,0.9,35.2,1.0,38.1,1.1,94.9,2.9,,,,,54.1,2.1,,,,,18.9,1.1,,,,,35.3,1.7,,,,,0.1,,,,,,1.5,,,,,
0600000US4400557880,4400557880,"Portsmouth town, Newport County, Rhode Island",Portsmouth,17352,26,8775,344,8577,345,4.4,1.0,4.8,1.5,4.0,1.2,5.6,1.2,6.8,2.1,4.4,1.6,6.4,1.2,6.8,1.7,6.1,1.6,7.8,1.3,9.2,1.9,6.3,1.5,5.9,1.8,7.6,3.1,4.2,1.8,3.8,1.0,3.4,1.2,4.2,1.5,3.3,0.9,3.6,1.4,2.9,1.0,4.5,1.2,3.2,1.3,5.8,1.6,6.8,1.2,7.3,1.7,6.3,1.5,8.6,1.4,7.3,1.7,10.0,2.0,8.2,1.2,8.0,1.7,8.3,1.5,8.3,1.4,7.9,1.9,8.6,1.8,6.7,1.2,6.9,1.6,6.5,1.3,6.4,1.1,6.3,1.5,6.5,1.5,3.7,0.9,3.4,1.1,4.1,1.1,2.8,0.9,2.0,0.8,3.7,1.4,3.3,0.9,3.6,1.4,3.1,1.1,3.5,0.9,2.1,0.8,5.0,1.5,12.0,1.4,13.5,2.1,10.5,1.8,4.7,1.0,5.2,1.3,4.3,1.3,8.9,1.9,11.6,3.3,6.1,1.8,32.0,2.3,34.2,3.7,29.7,2.3,81.5,1.7,79.8,2.7,83.3,2.0,78.8,1.7,76.5,2.6,81.2,2.2,26.5,2.0,24.2,2.7,28.8,2.2,23.4,1.7,21.3,2.4,25.6,2.1,19.8,1.5,17.3,1.9,22.3,1.9,9.7,1.4,7.7,1.5,11.7,1.9,45.7,1.4,43.1,2.1,47.4,1.1,102.3,8.1,,,,,69.4,4.9,,,,,33.5,3.0,,,,,35.9,3.6,,,,,0.0,,,,,,0.4,,,,,
0600000US4400759000,4400759000,"Providence city, Providence County, Rhode Island",Providence,178562,57,86298,1222,92264,1215,6.2,0.4,6.8,0.5,5.8,0.4,5.9,0.4,6.4,0.7,5.4,0.5,6.3,0.4,6.1,0.6,6.6,0.5,10.4,0.4,10.5,0.6,10.4,0.6,13.5,0.5,13.1,0.6,13.8,0.8,9.6,0.5,10.0,0.7,9.2,0.6,7.3,0.5,7.5,0.5,7.2,0.6,6.4,0.4,6.4,0.6,6.3,0.5,5.9,0.4,6.1,0.6,5.6,0.6,5.5,0.4,5.8,0.5,5.2,0.5,5.4,0.3,5.0,0.4,5.9,0.4,4.9,0.4,4.8,0.5,4.9,0.5,4.0,0.3,3.9,0.5,4.0,0.4,2.6,0.2,2.6,0.3,2.5,0.3,2.0,0.2,1.8,0.3,2.1,0.3,1.5,0.2,1.3,0.2,1.7,0.3,1.1,0.1,0.9,0.2,1.3,0.2,1.6,0.2,1.1,0.2,2.0,0.3,12.2,0.5,12.5,0.7,12.0,0.6,4.2,0.3,4.4,0.4,4.1,0.4,19.7,0.5,19.2,0.7,20.1,0.9,53.0,0.6,53.5,0.8,52.5,0.8,80.3,0.6,79.6,0.8,81.0,0.7,77.3,0.6,76.4,0.8,78.2,0.7,12.8,0.5,11.7,0.6,13.8,0.7,11.1,0.4,10.0,0.5,12.2,0.7,8.8,0.4,7.8,0.5,9.7,0.6,4.2,0.3,3.3,0.3,5.1,0.4,28.8,0.4,28.4,0.4,29.3,0.6,93.5,2.6,,,,,46.0,1.3,,,,,12.8,0.6,,,,,33.1,1.1,,,,,0.1,,,,,,2.9,,,,,
0600000US4400961160,4400961160,"Richmond town, Washington County, Rhode Island",Richmond,7648,18,3695,174,3953,172,3.5,2.0,3.1,2.2,3.9,2.3,7.1,2.0,5.0,2.7,9.0,3.1,9.4,2.6,8.8,2.3,10.0,4.4,6.0,2.4,7.7,3.2,4.5,3.0,7.1,2.5,7.1,2.9,7.1,3.5,2.0,1.3,1.9,1.4,2.1,1.8,3.8,1.9,4.3,2.7,3.3,1.9,4.5,1.7,4.0,2.2,5.0,2.3,11.8,2.6,12.5,2.8,11.3,3.5,13.4,3.0,13.9,3.6,13.0,3.9,10.0,2.4,7.6,2.3,12.2,3.2,7.2,2.0,8.7,2.8,5.7,2.6,4.4,1.5,5.1,2.4,3.8,1.7,3.5,1.1,3.9,1.5,3.2,1.4,2.5,1.1,2.1,1.4,2.9,1.5,2.3,1.1,2.2,1.3,2.4,1.4,0.7,0.6,1.1,1.2,0.3,0.5,0.5,0.5,0.7,0.8,0.3,0.5,16.5,3.2,13.8,3.2,19.0,4.4,4.4,1.6,5.7,2.3,3.1,2.1,8.8,2.8,9.1,3.4,8.5,3.9,35.3,3.4,37.5,4.0,33.3,5.7,78.5,2.9,82.0,3.1,75.3,4.2,75.6,2.9,77.4,3.3,74.0,4.1,14.0,2.2,15.2,2.9,12.9,2.7,12.1,1.8,13.0,2.4,11.2,2.5,9.6,1.7,10.1,2.2,9.2,2.1,3.5,1.2,4.1,1.7,3.0,1.5,42.8,1.9,43.2,1.5,42.1,2.8,93.5,8.5,,,,,51.4,6.6,,,,,14.6,2.8,,,,,36.9,5.8,,,,,0.0,,,,,,1.8,,,,,
0600000US4400764220,4400764220,"Scituate town, Providence County, Rhode Island",Scituate,10414,18,5269,225,5145,227,4.3,1.3,4.0,1.6,4.6,2.2,4.8,1.1,5.2,1.7,4.3,1.7,6.4,1.3,6.5,2.1,6.2,2.0,7.0,1.7,8.3,2.5,5.7,2.2,4.7,1.5,5.4,2.4,4.0,1.9,3.5,1.2,4.3,1.8,2.6,1.5,2.5,0.9,1.4,1.0,3.6,1.3,7.9,1.7,7.5,2.0,8.2,2.2,6.8,1.5,6.8,2.3,6.8,2.0,9.7,1.7,9.7,2.6,9.6,2.0,9.3,1.7,9.4,2.2,9.1,2.1,7.9,1.7,8.4,2.1,7.4,1.8,8.7,2.1,7.5,2.5,9.9,3.1,6.7,1.9,6.3,2.1,7.1,2.1,4.0,1.3,5.3,1.8,2.6,1.4,2.8,1.1,1.5,0.9,4.1,1.9,1.7,0.7,1.3,0.9,2.1,1.0,1.6,0.8,1.2,0.9,2.1,1.3,11.1,1.3,11.7,2.4,10.5,2.0,4.7,1.2,6.4,2.2,3.0,1.5,7.0,1.8,7.3,3.2,6.6,2.4,32.3,2.3,33.8,3.5,30.8,3.2,82.1,1.5,81.2,2.7,83.0,2.3,79.8,1.4,77.8,2.6,81.8,2.4,25.4,2.1,23.0,2.8,27.9,3.4,22.2,1.8,19.7,2.6,24.8,3.1,16.7,1.6,15.5,2.0,18.0,2.3,6.1,1.5,3.9,1.5,8.3,2.2,46.3,1.8,45.3,2.5,47.8,2.0,102.4,8.9,,,,,58.5,4.7,,,,,26.5,3.1,,,,,32.0,2.9,,,,,0.3,,,,,,0.7,,,,,
0600000US4400766200,4400766200,"Smithfield town, Providence County, Rhode Island",Smithfield,21478,20,9939,434,11539,429,3.2,0.8,3.6,1.3,2.9,0.9,4.8,1.0,5.0,1.8,4.6,1.2,5.2,1.0,5.5,1.6,4.9,1.3,13.1,2.0,14.8,3.3,11.6,1.9,9.2,2.2,10.3,4.1,8.3,1.4,4.2,1.0,3.0,1.1,5.2,1.5,4.7,1.0,4.8,1.6,4.6,1.2,4.3,0.8,4.5,1.3,4.2,1.1,6.1,1.0,7.2,1.5,5.2,1.0,7.1,1.1,7.3,1.2,7.1,1.5,8.0,1.2,8.2,1.6,7.8,1.3,5.7,1.1,4.2,1.3,7.0,1.5,6.5,1.3,6.9,1.6,6.1,1.4,4.9,0.8,4.5,1.2,5.3,1.2,4.3,0.8,3.7,1.3,4.8,1.0,2.3,0.6,2.3,0.7,2.3,0.9,2.5,0.7,2.1,1.1,2.7,0.9,3.9,0.9,2.2,0.8,5.3,1.5,9.9,1.1,10.5,2.0,9.5,1.4,4.0,0.8,3.8,1.1,4.1,1.1,18.3,1.7,21.2,3.2,15.8,1.7,41.6,1.8,44.5,2.6,39.1,2.5,85.5,1.1,84.4,2.0,86.5,1.5,82.8,1.1,82.1,2.1,83.5,1.7,24.4,1.8,21.7,2.6,26.6,2.4,22.0,1.7,19.5,2.6,24.2,2.4,17.9,1.2,14.8,2.2,20.5,2.1,8.6,1.1,6.6,1.2,10.4,1.9,40.8,1.4,37.6,4.1,43.1,2.5,86.1,7.0,,,,,53.9,2.9,,,,,27.5,2.2,,,,,26.4,2.0,,,,,0.1,,,,,,1.9,,,,,
0600000US4400967460,4400967460,"South Kingstown town, Washington County, Rhode Island",South Kingstown,30546,22,14417,403,16129,399,3.2,0.6,3.5,1.0,2.9,0.7,4.4,0.8,4.5,1.3,4.4,0.9,5.0,0.8,5.9,1.3,4.2,0.9,18.2,1.8,18.8,2.4,17.6,2.0,10.5,1.3,10.4,1.9,10.5,1.7,3.4,0.7,3.8,1.1,3.1,0.9,3.9,0.8,3.8,1.1,3.9,0.9,3.5,0.7,3.3,1.1,3.7,0.9,4.8,0.8,4.4,0.9,5.0,1.1,6.3,0.7,6.5,1.1,6.2,1.1,6.7,0.9,6.4,1.1,7.1,1.1,7.3,0.8,7.7,1.3,6.9,1.0,6.7,0.9,6.6,1.1,6.8,1.2,5.1,0.6,4.9,0.9,5.3,0.8,3.1,0.6,3.5,0.9,2.7,0.7,2.4,0.5,2.4,0.6,2.4,0.7,2.8,0.8,2.3,0.8,3.3,0.9,2.7,0.5,1.3,0.5,4.0,0.8,9.4,0.9,10.4,1.6,8.6,1.2,3.7,0.6,4.3,0.9,3.2,0.8,24.9,2.0,24.9,2.6,25.0,2.6,44.2,1.8,44.5,2.5,43.9,2.2,86.2,1.1,84.6,1.8,87.6,1.5,83.6,1.1,81.8,2.0,85.3,1.6,22.8,1.5,20.9,1.7,24.5,1.9,20.3,1.3,18.9,1.7,21.6,1.6,16.1,1.0,14.3,1.3,17.6,1.3,7.9,0.9,6.0,0.9,9.7,1.2,37.4,2.9,34.1,3.6,39.6,2.5,89.4,4.7,,,,,48.0,3.0,,,,,23.8,1.8,,,,,24.2,2.0,,,,,0.1,,,,,,1.3,,,,,
0600000US4400570880,4400570880,"Tiverton town, Newport County, Rhode Island",Tiverton,15805,21,7638,249,8167,249,4.3,0.9,3.1,1.2,5.5,1.4,4.9,1.0,4.7,1.5,5.2,1.5,6.2,1.3,8.1,2.5,4.5,1.2,5.3,1.3,5.9,1.9,4.8,1.5,4.7,1.1,5.2,1.9,4.2,1.4,4.5,1.0,4.9,1.4,4.0,1.2,4.2,1.0,4.0,1.3,4.4,1.2,5.3,1.1,6.2,1.4,4.4,1.3,6.9,1.5,6.6,1.7,7.2,1.7,7.6,1.5,7.2,1.6,8.0,1.9,8.7,1.5,8.2,1.8,9.3,1.9,8.2,1.6,9.8,2.3,6.8,1.6,8.5,1.4,6.8,1.6,10.1,2.0,7.3,0.9,7.4,1.4,7.2,1.3,5.4,1.0,6.2,1.4,4.7,1.2,2.4,0.7,2.1,0.9,2.7,0.9,2.6,0.6,2.2,0.9,3.0,0.8,2.8,0.8,1.5,0.8,4.1,1.3,11.1,1.5,12.8,2.5,9.6,1.5,3.3,1.0,2.9,1.1,3.7,1.4,6.7,1.5,8.2,2.7,5.3,1.5,30.9,2.2,32.9,3.0,29.0,2.6,82.9,1.8,82.9,2.7,83.0,2.1,81.3,1.6,81.3,2.6,81.2,2.0,29.1,2.1,26.2,2.5,31.8,2.8,25.5,2.0,23.6,2.4,27.3,2.7,20.5,1.5,19.4,1.7,21.6,2.0,7.8,1.1,5.8,1.2,9.7,1.7,47.5,1.5,45.7,2.4,48.9,1.7,93.5,5.9,,,,,64.7,5.2,,,,,33.8,3.2,,,,,30.9,3.3,,,,,0.1,,,,,,1.5,,,,,
0600000US4400173760,4400173760,"Warren town, Bristol County, Rhode Island",Warren,10555,19,5199,203,5356,205,5.0,1.1,5.2,2.0,4.9,1.5,6.8,1.4,8.1,2.2,5.5,1.7,4.3,1.5,4.5,1.9,4.2,2.0,5.2,1.4,5.7,1.8,4.7,2.3,6.1,1.8,7.0,2.6,5.2,1.8,7.9,1.5,8.6,1.9,7.2,1.9,7.5,1.3,7.4,1.6,7.6,1.7,4.3,1.1,5.3,1.7,3.2,1.3,6.8,1.3,6.6,2.0,6.9,1.5,7.8,1.3,4.7,1.5,10.8,2.1,7.9,1.2,8.7,2.0,7.2,1.9,7.8,1.2,6.7,1.7,8.8,1.5,4.7,1.1,4.8,1.5,4.5,1.2,6.0,1.1,6.1,1.7,6.0,1.4,3.7,1.0,4.5,1.4,2.8,1.0,2.4,0.7,1.3,0.7,3.5,1.2,2.3,0.9,1.8,1.2,2.9,1.3,3.6,1.2,3.1,1.5,4.0,1.3,11.1,1.4,12.5,2.1,9.7,2.0,3.4,0.9,4.3,1.5,2.4,1.2,7.9,2.0,8.4,2.8,7.4,2.3,37.7,2.2,40.6,3.0,34.9,2.9,82.8,1.9,80.6,2.9,85.0,2.7,80.5,2.0,78.0,3.2,83.0,2.9,22.7,2.2,21.6,2.8,23.7,2.7,20.7,2.0,19.4,2.6,21.9,2.6,18.0,1.8,16.8,2.4,19.2,2.4,8.3,1.7,6.2,1.9,10.4,2.2,42.5,1.7,37.7,3.7,45.5,2.6,97.1,7.5,,,,,60.1,5.4,,,,,28.8,3.5,,,,,31.2,4.0,,,,,0.1,,,,,,1.9,,,,,
0600000US4400374300,4400374300,"Warwick city, Kent County, Rhode Island",Warwick,82065,26,39367,598,42698,600,4.9,0.4,5.2,0.6,4.5,0.5,4.8,0.4,5.1,0.6,4.4,0.6,5.1,0.4,5.7,0.7,4.6,0.5,5.6,0.4,5.8,0.6,5.5,0.6,5.3,0.4,6.1,0.6,4.5,0.5,5.8,0.5,6.2,0.7,5.5,0.5,6.5,0.4,6.6,0.6,6.5,0.6,6.0,0.5,7.0,0.8,5.0,0.7,6.6,0.5,6.5,0.7,6.6,0.6,7.3,0.5,7.8,0.7,6.9,0.5,8.8,0.5,8.2,0.6,9.4,0.6,8.0,0.7,7.8,0.7,8.2,0.8,6.8,0.5,6.6,0.7,7.0,0.7,5.3,0.5,4.8,0.6,5.9,0.5,3.9,0.4,3.6,0.4,4.1,0.5,3.3,0.4,2.8,0.5,3.7,0.5,2.7,0.3,2.2,0.4,3.1,0.5,3.3,0.4,2.1,0.4,4.4,0.7,9.9,0.6,10.8,0.7,9.0,0.7,3.6,0.3,3.8,0.5,3.5,0.4,7.3,0.5,8.1,0.7,6.5,0.6,35.8,0.6,38.2,0.9,33.7,0.9,83.9,0.5,82.7,0.8,85.0,0.8,81.6,0.5,80.2,0.9,82.9,0.8,25.3,0.7,22.1,0.9,28.3,0.9,22.3,0.6,19.4,0.8,25.0,0.8,18.5,0.5,15.5,0.6,21.2,0.7,9.3,0.5,7.1,0.5,11.3,0.7,44.6,0.6,41.8,0.8,47.0,0.8,92.2,2.7,,,,,58.3,1.6,,,,,29.2,1.0,,,,,29.1,1.1,,,,,0.1,,,,,,1.1,,,,,
0600000US4400377720,4400377720,"West Greenwich town, Kent County, Rhode Island",West Greenwich,6118,36,3084,185,3034,182,5.6,2.1,6.2,3.4,5.0,2.4,7.8,2.8,8.2,4.1,7.4,2.7,9.6,2.4,11.4,4.6,7.8,3.3,6.3,2.3,5.7,3.3,6.9,3.3,5.6,2.0,5.6,2.5,5.6,3.2,3.5,1.6,4.5,2.5,2.6,1.5,4.5,1.5,3.9,2.2,5.1,2.9,5.8,2.5,5.1,2.6,6.4,3.4,9.7,3.0,10.3,4.2,9.1,3.7,8.2,2.7,5.4,2.6,10.9,3.7,9.2,2.2,8.9,2.9,9.6,3.2,7.9,2.7,9.4,3.0,6.4,3.3,7.8,2.8,6.4,2.7,9.4,3.7,4.8,1.7,5.0,2.7,4.5,1.8,2.1,1.4,2.8,1.9,1.4,1.5,0.7,0.8,0.8,1.2,0.6,1.0,0.2,0.4,0.5,0.7,0.0,1.1,0.7,0.9,0.0,1.1,1.5,1.8,17.4,3.2,19.6,5.6,15.2,3.9,4.3,1.8,3.2,2.3,5.5,2.9,7.5,2.3,8.1,3.2,7.0,3.9,35.4,3.5,35.1,5.2,35.6,4.1,75.6,3.4,72.6,5.8,78.6,4.8,72.7,3.0,71.0,5.2,74.4,4.5,16.3,3.9,15.4,4.1,17.3,4.5,13.5,3.4,14.0,4.0,13.0,4.0,8.5,1.9,9.0,2.8,8.0,2.3,1.7,1.3,1.2,1.4,2.1,2.0,40.6,2.6,39.4,3.5,41.7,3.2,101.6,12.0,,,,,55.8,6.9,,,,,13.2,3.2,,,,,42.6,6.2,,,,,0.1,,,,,,1.9,,,,,
0600000US4400378440,4400378440,"West Warwick town, Kent County, Rhode Island",West Warwick,28960,27,13888,443,15072,444,5.7,0.9,6.8,1.5,4.6,1.1,5.8,1.0,6.6,1.6,5.1,1.2,5.7,0.9,5.5,1.6,5.8,1.1,4.7,0.9,4.5,1.1,5.0,1.3,6.7,1.2,6.2,1.5,7.2,1.8,8.4,1.2,8.8,1.7,8.0,1.5,7.2,1.0,7.8,1.5,6.6,1.3,6.9,1.3,6.5,1.7,7.4,1.6,6.8,1.2,7.3,1.8,6.3,1.6,6.5,1.0,5.7,1.2,7.3,1.5,8.4,1.1,8.6,1.7,8.2,1.3,6.6,1.0,7.3,1.5,6.0,1.2,5.3,0.8,4.7,1.0,5.9,1.1,5.2,0.8,5.1,1.1,5.3,1.1,2.9,0.7,2.5,0.8,3.3,1.0,2.3,0.5,2.2,0.8,2.4,0.7,1.7,0.5,1.5,0.7,1.9,0.6,3.2,0.8,2.4,0.7,4.0,1.1,11.5,1.3,12.2,2.2,10.9,1.5,2.9,0.6,2.9,0.9,3.0,0.8,8.5,1.3,7.8,1.7,9.2,1.8,40.7,1.6,41.0,2.3,40.4,1.9,82.0,1.4,80.3,2.3,83.6,1.4,79.9,1.4,78.1,2.3,81.6,1.6,20.7,1.5,18.5,2.0,22.7,1.8,18.6,1.4,16.6,1.8,20.6,1.7,15.3,1.2,13.8,1.6,16.8,1.5,7.2,1.0,6.1,1.0,8.2,1.4,39.3,1.4,38.1,2.2,40.4,2.1,92.1,5.7,,,,,54.8,4.1,,,,,23.8,2.3,,,,,31.1,2.8,,,,,0.0,,,,,,0.6,,,,,
0600000US4400977000,4400977000,"Westerly town, Washington County, Rhode Island",Westerly,22727,47,10495,321,12232,321,6.2,1.2,6.2,1.6,6.2,1.5,6.1,1.5,5.9,2.2,6.2,1.5,4.9,1.0,5.9,1.7,4.0,1.4,5.2,1.1,5.5,1.4,4.9,1.5,5.5,1.3,4.4,1.9,6.4,1.9,6.3,1.3,7.1,1.7,5.6,1.5,5.3,1.0,4.7,1.3,5.9,1.4,5.9,1.2,6.8,1.5,5.1,1.4,5.3,1.0,5.4,1.4,5.3,1.1,6.8,1.2,7.6,1.8,6.1,1.3,7.4,1.0,5.7,1.2,8.9,1.5,8.4,1.2,8.7,1.7,8.2,1.6,6.6,1.1,7.3,1.7,6.0,1.3,6.0,1.0,6.1,1.3,5.9,1.2,4.3,0.7,4.3,1.0,4.3,0.8,3.3,0.7,2.7,0.9,3.9,0.9,2.8,0.6,2.6,0.8,2.9,0.8,3.7,0.8,3.0,1.1,4.3,1.0,11.0,1.3,11.8,2.2,10.3,1.7,3.4,0.8,4.1,1.2,2.9,1.2,7.2,1.5,5.9,2.1,8.4,2.1,33.5,1.9,33.9,2.7,33.1,2.6,81.3,1.5,80.6,2.4,81.9,2.1,79.4,1.4,77.9,2.5,80.7,2.1,26.7,1.6,26.0,2.4,27.3,1.7,24.0,1.5,22.9,2.1,24.9,1.5,20.1,1.3,18.7,1.9,21.4,1.3,9.8,1.1,8.2,1.5,11.1,1.2,44.5,1.7,42.8,3.6,45.4,1.6,85.8,4.9,,,,,68.7,4.5,,,,,33.9,2.7,,,,,34.7,3.1,,,,,0.1,,,,,,1.4,,,,,
0600000US4400780780,4400780780,"Woonsocket city, Providence County, Rhode Island",Woonsocket,41136,37,20367,551,20769,549,7.6,1.0,7.1,1.3,8.0,1.4,5.5,0.7,7.0,1.2,4.1,0.9,7.4,0.9,9.1,1.6,5.8,1.0,5.3,0.7,5.8,1.1,4.8,0.8,5.9,0.7,5.3,1.0,6.5,0.9,7.5,1.0,6.9,1.3,8.0,1.1,7.2,0.8,7.0,1.1,7.3,1.0,6.2,0.8,6.3,1.1,6.1,1.2,6.7,0.8,6.4,1.2,7.0,0.9,7.0,0.9,7.3,1.1,6.6,1.2,7.8,1.0,7.3,1.2,8.2,1.3,6.1,0.7,6.6,1.1,5.6,0.8,5.8,0.8,5.5,1.0,6.2,1.1,3.9,0.5,4.0,0.8,3.9,0.7,3.0,0.5,3.0,0.8,3.0,0.6,2.3,0.4,2.3,0.5,2.3,0.7,2.0,0.3,1.4,0.4,2.6,0.6,2.8,0.5,1.7,0.5,3.9,0.6,13.0,1.0,16.1,1.8,9.9,1.4,3.1,0.5,3.5,0.8,2.6,0.7,8.1,0.8,7.6,1.1,8.6,1.1,38.7,1.2,37.7,1.9,39.7,1.7,78.3,1.4,75.3,2.2,81.3,1.7,76.4,1.3,73.2,2.2,79.5,1.7,19.9,1.2,17.8,1.4,21.9,1.6,17.3,1.1,15.7,1.3,18.8,1.4,14.1,0.8,12.3,1.1,15.7,1.1,7.1,0.6,5.4,0.7,8.8,1.0,37.8,1.3,35.9,1.4,39.5,1.7,98.1,5.2,,,,,60.5,3.3,,,,,22.6,1.5,,,,,38.0,2.8,,,,,0.2,,,,,,0.7,,,,,
