geoID_long,geoID_short,muni_long,muni_short,total,0,1,2,3,4,5,6,7,8,9,10,11,12,13,14,15,16,17,18,19,20,21,22,23,24,25,26,27,28,29,30,31,32,33,34,35,36,37,38,39,40,41,42,43,44,45,46,47,48,49,50,51,52,53,54,55,56,57,58,59,60,61,62,63,64,65,66,67,68,69,70,71,72,73,74,75,76,77,78,79,80,81,82,83,84,85,86,87,88,89,90,91,92,93,94,95,96,97,98,99,100-104,105-109,110+,pct_0,pct_1,pct_2,pct_3,pct_4,pct_5,pct_6,pct_7,pct_8,pct_9,pct_10,pct_11,pct_12,pct_13,pct_14,pct_15,pct_16,pct_17,pct_18,pct_19,pct_20,pct_21,pct_22,pct_23,pct_24,pct_25,pct_26,pct_27,pct_28,pct_29,pct_30,pct_31,pct_32,pct_33,pct_34,pct_35,pct_36,pct_37,pct_38,pct_39,pct_40,pct_41,pct_42,pct_43,pct_44,pct_45,pct_46,pct_47,pct_48,pct_49,pct_50,pct_51,pct_52,pct_53,pct_54,pct_55,pct_56,pct_57,pct_58,pct_59,pct_60,pct_61,pct_62,pct_63,pct_64,pct_65,pct_66,pct_67,pct_68,pct_69,pct_70,pct_71,pct_72,pct_73,pct_74,pct_75,pct_76,pct_77,pct_78,pct_79,pct_80,pct_81,pct_82,pct_83,pct_84,pct_85,pct_86,pct_87,pct_88,pct_89,pct_90,pct_91,pct_92,pct_93,pct_94,pct_95,pct_96,pct_97,pct_98,pct_99,pct_100-104,pct_105-109,pct_110+
0600000US4400105140,4400105140,"Barrington town, Bristol County, Rhode Island",Barrington,16310,111,111,144,170,199,226,252,292,293,301,312,283,305,302,299,343,332,322,204,87,93,89,101,125,110,92,82,80,82,83,62,73,78,100,108,109,117,175,203,220,263,261,257,266,275,318,350,304,330,364,301,310,328,361,298,321,247,276,257,202,209,197,181,207,164,130,128,169,130,96,111,97,104,96,98,82,84,83,97,92,85,65,88,88,60,85,53,53,49,47,43,19,18,10,13,7,3,3,3,0,4,0,0,0.00680564071122,0.00680564071122,0.00882893930104,0.0104230533415,0.0122011036174,0.0138565297364,0.0154506437768,0.017903126916,0.0179644389945,0.0184549356223,0.0191293684856,0.0173513182097,0.0187001839362,0.0185162477008,0.0183323114654,0.0210300429185,0.0203556100552,0.0197424892704,0.0125076640098,0.00533415082771,0.00570202329859,0.00545677498467,0.00619251992643,0.00766400980993,0.00674432863274,0.00564071122011,0.00502759043532,0.00490496627836,0.00502759043532,0.0050889025138,0.00380134886573,0.004475781729,0.0047823421214,0.00613120784795,0.00662170447578,0.00668301655426,0.0071735131821,0.0107296137339,0.0124463519313,0.0134886572655,0.0161250766401,0.0160024524831,0.0157572041692,0.0163090128755,0.0168608215819,0.0194972409565,0.0214592274678,0.0186388718578,0.0202329858982,0.0223175965665,0.0184549356223,0.0190067443286,0.0201103617413,0.0221336603311,0.0182709993869,0.0196811771919,0.0151440833844,0.0169221336603,0.0157572041692,0.0123850398529,0.0128142244022,0.0120784794605,0.0110974862048,0.0126916002452,0.0100551808706,0.00797057020233,0.00784794604537,0.010361741263,0.00797057020233,0.00588595953403,0.00680564071122,0.00594727161251,0.00637645616186,0.00588595953403,0.00600858369099,0.00502759043532,0.00515021459227,0.0050889025138,0.00594727161251,0.00564071122011,0.00521152667075,0.00398528510116,0.00539546290619,0.00539546290619,0.00367872470877,0.00521152667075,0.00324954015941,0.00324954015941,0.00300429184549,0.00288166768853,0.00263641937462,0.00116492949111,0.00110361741263,0.000613120784795,0.000797057020233,0.000429184549356,0.000183936235438,0.000183936235438,0.000183936235438,0.0,0.000245248313918,0.0,0.0
0600000US4400109280,4400109280,"Bristol town, Bristol County, Rhode Island",Bristol,22954,172,164,171,195,206,194,214,175,191,205,191,215,230,227,227,197,224,225,680,910,747,824,549,361,312,293,237,220,219,238,224,217,177,192,184,191,220,231,238,237,248,254,258,261,286,325,328,329,329,351,323,320,340,347,347,287,302,321,313,258,323,282,307,316,225,219,218,230,204,166,180,149,155,169,151,145,143,152,149,152,126,131,145,129,112,137,107,114,92,99,62,51,31,26,36,24,10,14,6,6,9,1,0,0.00749324736429,0.00714472423107,0.00744968197264,0.00849525137231,0.00897447068049,0.00845168598066,0.00932299381371,0.00762394353925,0.0083209898057,0.00893090528884,0.0083209898057,0.00936655920537,0.0100200400802,0.0098893439052,0.0098893439052,0.00858238215562,0.00975864773024,0.0098022131219,0.029624466324,0.0396445064041,0.0325433475647,0.035897882722,0.0239174000174,0.0157271063867,0.0135924021957,0.0127646597543,0.0103249978217,0.00958438616363,0.00954082077198,0.0103685632134,0.00975864773024,0.00945368998867,0.00771107432256,0.00836455519735,0.00801603206413,0.0083209898057,0.00958438616363,0.0100636054718,0.0103685632134,0.0103249978217,0.0108042171299,0.0110656094798,0.0112398710464,0.0113705672214,0.0124597020127,0.0141587522872,0.0142894484621,0.0143330138538,0.0143330138538,0.0152914524702,0.0140716215039,0.0139409253289,0.014812233162,0.0151171909035,0.0151171909035,0.0125032674044,0.0131567482792,0.0139844907206,0.0136359675873,0.0112398710464,0.0140716215039,0.0122854404461,0.0133745752374,0.0137666637623,0.0098022131219,0.00954082077198,0.00949725538033,0.0100200400802,0.00888733989719,0.00723185501438,0.00784177049752,0.00649124335628,0.00675263570619,0.00736255118934,0.00657837413958,0.00631698178967,0.00622985100636,0.00662193953124,0.00649124335628,0.00662193953124,0.00548923934826,0.00570706630653,0.00631698178967,0.00561993552322,0.00487932386512,0.00596845865644,0.00466149690686,0.00496645464843,0.00400801603206,0.00431297377363,0.00270105428248,0.0022218349743,0.00135052714124,0.00113270018297,0.0015683540995,0.00104556939967,0.000435653916529,0.00060991548314,0.000261392349917,0.000261392349917,0.000392088524876,4.35653916529e-05,0.0
0600000US4400711800,4400711800,"Burrillville town, Providence County, Rhode Island",Burrillville,15955,147,152,161,148,173,206,199,202,220,227,215,211,182,230,181,240,215,267,186,167,172,165,146,147,178,142,157,178,161,164,177,163,164,185,167,167,190,181,220,256,244,234,255,265,258,336,251,305,323,327,296,302,330,292,290,280,279,262,235,226,202,185,232,205,142,136,152,145,94,113,82,86,78,73,60,72,66,61,57,82,60,81,60,68,54,55,49,29,30,27,23,23,14,16,16,6,2,6,7,3,4,0,0,0.00921341272328,0.00952679410843,0.0100908806017,0.00927608900031,0.010842995926,0.012911313068,0.0124725791288,0.0126606079599,0.0137887809464,0.0142275148856,0.0134753995613,0.0132246944531,0.0114070824193,0.0144155437167,0.0113444061423,0.015042306487,0.0134753995613,0.0167345659668,0.0116577875274,0.0104669382639,0.010780319649,0.0103415857098,0.00915073644626,0.00921341272328,0.0111563773112,0.00890003133814,0.00984017549358,0.0111563773112,0.0100908806017,0.0102789094328,0.0110937010342,0.0102162331558,0.0102789094328,0.0115951112504,0.0104669382639,0.0104669382639,0.0119084926355,0.0113444061423,0.0137887809464,0.0160451269195,0.0152930115951,0.0146662488248,0.0159824506424,0.0166092134127,0.0161704794735,0.0210592290818,0.0157317455343,0.0191162644939,0.0202444374804,0.0204951425885,0.0185521780006,0.0189282356628,0.0206831714196,0.0183014728925,0.0181761203385,0.0175493575682,0.0174866812911,0.0164211845816,0.0147289251018,0.0141648386086,0.0126606079599,0.0115951112504,0.0145408962708,0.012848636791,0.00890003133814,0.00852397367596,0.00952679410843,0.00908806016923,0.00589157004074,0.00708241930429,0.00513945471639,0.00539015982451,0.00488874960827,0.00457536822313,0.00376057662175,0.0045126919461,0.00413663428392,0.00382325289878,0.00357254779066,0.00513945471639,0.00376057662175,0.00507677843936,0.00376057662175,0.00426198683798,0.00338451895957,0.0034471952366,0.00307113757443,0.00181761203385,0.00188028831087,0.00169225947979,0.00144155437167,0.00144155437167,0.000877467878408,0.00100282043247,0.00100282043247,0.000376057662175,0.000125352554058,0.000376057662175,0.000438733939204,0.000188028831087,0.000250705108117,0.0,0.0
0600000US4400714140,4400714140,"Central Falls city, Providence County, Rhode Island",Central Falls,19376,339,338,351,354,345,335,312,281,291,321,288,274,278,290,307,293,327,320,322,291,356,360,318,325,331,343,319,363,318,376,347,300,286,308,297,296,284,249,260,279,304,260,260,271,262,244,262,264,241,249,219,200,212,188,205,207,159,183,186,118,155,142,120,108,101,97,81,93,84,109,71,74,95,64,72,62,68,64,60,63,69,77,46,47,39,53,29,32,25,26,29,16,13,6,6,4,7,1,2,0,0,0,0,0.0174958711808,0.0174442609414,0.0181151940545,0.0182700247729,0.0178055326177,0.017289430223,0.0161023947151,0.0145024772915,0.0150185796862,0.0165668868704,0.0148637489678,0.0141412056152,0.0143476465731,0.0149669694467,0.0158443435178,0.0151218001652,0.0168765483072,0.0165152766309,0.0166184971098,0.0150185796862,0.0183732452519,0.0185796862097,0.0164120561519,0.0167733278282,0.0170829892651,0.0177023121387,0.0164636663914,0.0187345169282,0.0164120561519,0.0194054500413,0.0179087530966,0.0154830718415,0.0147605284889,0.0158959537572,0.015328241123,0.0152766308836,0.0146573080099,0.0128509496284,0.0134186622626,0.0143992568126,0.0156895127993,0.0134186622626,0.0134186622626,0.0139863748968,0.0135218827415,0.012592898431,0.0135218827415,0.0136251032205,0.0124380677126,0.0128509496284,0.0113026424443,0.0103220478943,0.010941370768,0.00970272502064,0.0105800990917,0.0106833195706,0.00820602807597,0.00944467382329,0.0095995045417,0.00609000825764,0.00799958711808,0.00732865400495,0.00619322873658,0.00557390586292,0.00521263418662,0.00500619322874,0.00418042939719,0.00479975227085,0.00433526011561,0.00562551610239,0.00366432700248,0.00381915772089,0.00490297274979,0.00330305532618,0.00371593724195,0.00319983484723,0.00350949628406,0.00330305532618,0.00309661436829,0.00325144508671,0.00356110652353,0.00397398843931,0.00237407101569,0.00242568125516,0.00201279933939,0.00273534269199,0.00149669694467,0.00165152766309,0.00129025598679,0.00134186622626,0.00149669694467,0.000825763831544,0.00067093311313,0.000309661436829,0.000309661436829,0.000206440957886,0.000361271676301,5.16102394715e-05,0.000103220478943,0.0,0.0,0.0,0.0
0600000US4400914500,4400914500,"Charlestown town, Washington County, Rhode Island",Charlestown,7827,57,66,63,72,81,84,70,95,85,88,86,94,98,81,96,87,104,99,87,94,66,64,77,85,55,79,59,65,57,53,58,72,61,73,71,92,64,71,83,111,103,116,108,97,105,132,152,125,151,158,143,125,150,155,165,152,133,156,108,122,132,140,150,146,117,112,125,112,87,65,86,68,60,66,49,44,57,39,35,54,43,25,46,44,25,26,25,17,15,13,15,8,5,9,3,2,2,0,0,0,1,0,0,0.00728248371023,0.00843234955922,0.00804906094289,0.00919892679187,0.0103487926409,0.0107320812572,0.00894340104766,0.0121374728504,0.0108598441293,0.0112431327456,0.0109876070014,0.0120097099783,0.0125207614667,0.0103487926409,0.0122652357225,0.0111153698735,0.0132873386994,0.0126485243388,0.0111153698735,0.0120097099783,0.00843234955922,0.008176823815,0.00983774115242,0.0108598441293,0.00702695796602,0.0100932668966,0.00753800945445,0.00830458668711,0.00728248371023,0.0067714322218,0.00741024658234,0.00919892679187,0.00779353519867,0.00932668966398,0.00907116391976,0.0117541842341,0.008176823815,0.00907116391976,0.0106043183851,0.0141816788041,0.0131595758273,0.0148204931647,0.0137983901878,0.0123929985946,0.0134151015715,0.0168646991184,0.0194199565606,0.0159703590137,0.0192921936885,0.0201865337933,0.0182700907116,0.0159703590137,0.0191644308164,0.019803245177,0.021080873898,0.0194199565606,0.0169924619905,0.0199310080491,0.0137983901878,0.0155870703973,0.0168646991184,0.0178868020953,0.0191644308164,0.018653379328,0.0149482560368,0.0143094416762,0.0159703590137,0.0143094416762,0.0111153698735,0.00830458668711,0.0109876070014,0.00868787530344,0.00766577232656,0.00843234955922,0.00626038073336,0.00562156637281,0.00728248371023,0.00498275201227,0.00447170052383,0.00689919509391,0.0054938035007,0.00319407180273,0.00587709211703,0.00562156637281,0.00319407180273,0.00332183467484,0.00319407180273,0.00217196882586,0.00191644308164,0.00166091733742,0.00191644308164,0.00102210297687,0.000638814360547,0.00114986584898,0.000383288616328,0.000255525744219,0.000255525744219,0.0,0.0,0.0,0.000127762872109,0.0,0.0
0600000US4400318640,4400318640,"Coventry town, Kent County, Rhode Island",Coventry,35014,314,297,329,368,366,405,429,437,444,425,447,494,466,489,482,520,508,550,461,375,364,349,353,371,331,287,294,327,323,341,358,310,371,360,362,416,411,403,476,560,572,567,577,622,644,640,597,594,656,623,651,617,643,623,556,521,508,509,482,452,507,454,436,500,341,301,373,342,283,246,237,229,233,226,207,166,228,162,168,183,171,150,157,151,140,133,121,96,80,94,64,56,39,36,24,19,12,7,5,3,7,0,0,0.00896784143485,0.00848232135717,0.0093962415034,0.0105100816816,0.0104529616725,0.0115668018507,0.0122522419604,0.0124807219969,0.0126806420289,0.0121380019421,0.0127663220426,0.0141086422574,0.0133089621294,0.0139658422345,0.0137659222025,0.0148512023762,0.0145084823214,0.0157080025133,0.0131661621066,0.0107100017136,0.0103958416633,0.00996744159479,0.0100816816131,0.0105957616953,0.00945336151254,0.00819672131148,0.00839664134346,0.00933912149426,0.00922488147598,0.00973896155823,0.0102244816359,0.00885360141658,0.0105957616953,0.0102816016451,0.0103387216542,0.011880961901,0.0117381618781,0.0115096818415,0.0135945621751,0.015993602559,0.0163363226138,0.016193522591,0.0164791226367,0.0177643228423,0.0183926429428,0.0182784029245,0.0170503227281,0.0169646427143,0.0187353629977,0.0177928828469,0.0185925629748,0.0176215228194,0.0183640829383,0.0177928828469,0.0158793625407,0.0148797623808,0.0145084823214,0.0145370423259,0.0137659222025,0.0129091220655,0.0144799223168,0.0129662420746,0.0124521619923,0.0142800022848,0.00973896155823,0.00859656137545,0.0106528817045,0.0097675215628,0.0080824812932,0.00702576112412,0.006768721083,0.00654024104644,0.00665448106472,0.00645456103273,0.00591192094591,0.00474096075855,0.00651168104187,0.00462672074028,0.00479808076769,0.00522648083624,0.0048837607814,0.00428400068544,0.00448392071743,0.00431256069001,0.00399840063974,0.00379848060776,0.00345576055292,0.00274176043868,0.00228480036557,0.00268464042954,0.00182784029245,0.0015993602559,0.00111384017821,0.00102816016451,0.00068544010967,0.000542640086822,0.000342720054835,0.000199920031987,0.000142800022848,8.56800137088e-05,0.000199920031987,0.0,0.0
0600000US4400719180,4400719180,"Cranston city, Providence County, Rhode Island",Cranston,80387,699,798,821,822,862,913,899,844,927,923,922,939,877,930,1030,1041,1111,1056,1016,1162,1081,1020,1045,1022,994,1018,1014,1055,996,1128,1072,1036,996,952,945,948,981,1061,1046,1188,1275,1147,1183,1174,1190,1240,1277,1214,1301,1270,1394,1277,1322,1265,1313,1218,1164,1090,1081,970,1043,939,921,930,694,654,707,725,567,514,508,463,467,399,496,455,425,459,422,476,477,464,447,446,409,406,351,277,285,224,179,137,119,92,67,66,44,36,14,13,14,1,0,0.00869543582918,0.00992697824275,0.010213094157,0.0102255339794,0.0107231268737,0.0113575578141,0.011183400301,0.0104992100713,0.0115317153271,0.0114819560377,0.0114695162153,0.0116809931954,0.0109097242091,0.0115690347942,0.0128130170301,0.0129498550761,0.0138206426412,0.0131364524115,0.0126388595171,0.0144550735815,0.0134474479704,0.0126886188065,0.0129996143655,0.0127134984512,0.0123651834252,0.0126637391618,0.0126139798724,0.0131240125891,0.0123900630699,0.0140321196213,0.0133354895692,0.0128876559643,0.0123900630699,0.0118427108861,0.0117556321296,0.0117929515967,0.0122034657345,0.0131986515233,0.0130120541879,0.0147785089629,0.0158607735082,0.0142684762462,0.0147163098511,0.0146043514499,0.0148033886076,0.0154253797256,0.0158856531529,0.0151019443442,0.0161842088895,0.0157985743964,0.0173411123689,0.0158856531529,0.016445445159,0.0157363752846,0.0163334867578,0.0151517036337,0.0144799532263,0.0135594063717,0.0134474479704,0.0120666276886,0.0129747347208,0.0116809931954,0.0114570763929,0.0115690347942,0.00863323671738,0.00813564382301,0.00879495440805,0.00901887121052,0.00705337927774,0.0063940686927,0.00631942975854,0.00575963775237,0.00580939704181,0.00496348912138,0.00617015189023,0.0056601191735,0.00528692450272,0.00570987846294,0.00524960503564,0.00592135544304,0.0059337952654,0.00577207757473,0.00556060059462,0.00554816077226,0.00508788734497,0.00505056787789,0.00436637764813,0.00344583079354,0.00354534937241,0.00278652020849,0.00222672820232,0.00170425566323,0.00148033886076,0.00114446365706,0.000833468098076,0.000821028275716,0.000547352183811,0.000447833604936,0.000174157513031,0.000161717690671,0.000174157513031,1.24398223593e-05,0.0
0600000US4400720080,4400720080,"Cumberland town, Providence County, Rhode Island",Cumberland,33506,307,319,344,384,426,396,427,403,454,397,407,449,439,450,467,491,505,470,363,317,318,274,293,328,304,317,338,381,400,366,366,343,363,374,407,388,382,427,458,522,449,459,516,533,555,640,607,561,614,615,638,576,578,505,530,519,472,462,461,400,382,395,431,417,326,270,281,288,271,219,254,213,215,237,207,198,200,216,180,186,168,195,200,186,185,148,133,142,102,81,73,53,57,43,38,20,8,14,8,4,8,0,0,0.00916253805289,0.00952068286277,0.0102668178834,0.0114606339163,0.0127141407509,0.0118187787262,0.0127439861517,0.012027696532,0.013549811974,0.011848624127,0.0121470781353,0.0134005849699,0.0131021309616,0.0134304303707,0.0139378021847,0.0146540918045,0.015071927416,0.0140273383872,0.010833880499,0.00946099206112,0.00949083746195,0.0081776398257,0.00874470244135,0.00978929147018,0.00907300185041,0.00946099206112,0.0100877454784,0.0113710977138,0.0119381603295,0.0109234167015,0.0109234167015,0.0102369724825,0.010833880499,0.0111621799081,0.0121470781353,0.0115800155196,0.0114009431147,0.0127439861517,0.0136691935773,0.01557929923,0.0134005849699,0.0136990389781,0.015400226825,0.015907598639,0.0165641974572,0.0191010565272,0.0181161583,0.0167432698621,0.0183250761058,0.0183549215066,0.0190413657255,0.0171909508745,0.0172506416761,0.015071927416,0.0158180624366,0.0154897630275,0.0140870291888,0.0137885751806,0.0137587297797,0.0119381603295,0.0114009431147,0.0117889333254,0.012863367755,0.0124455321435,0.00972960066854,0.00805825822241,0.00838655763147,0.00859547543724,0.00808810362323,0.0065361427804,0.00758073180923,0.00635707037546,0.0064167611771,0.00707335999522,0.00617799797051,0.0059093893631,0.00596908016475,0.00644660657793,0.00537217214827,0.00555124455321,0.00501402733839,0.00581985316063,0.00596908016475,0.00555124455321,0.00552139915239,0.00441711932191,0.00396943830956,0.00423804691697,0.00304423088402,0.00241747746672,0.00217871426013,0.00158180624366,0.00170118784695,0.00128335223542,0.0011341252313,0.000596908016475,0.00023876320659,0.000417835611532,0.00023876320659,0.000119381603295,0.00023876320659,0.0,0.0
0600000US4400322240,4400322240,"East Greenwich town, Kent County, Rhode Island",East Greenwich,13146,87,87,125,119,158,175,179,200,197,216,222,225,243,248,221,242,269,223,159,82,78,78,82,112,84,94,85,79,52,86,94,87,74,70,103,95,108,123,163,196,193,189,222,218,205,235,260,249,256,271,229,266,250,245,239,246,210,200,204,193,162,169,148,171,128,124,126,127,103,107,83,75,84,84,60,82,66,82,79,61,74,84,72,72,75,62,60,65,43,59,28,33,29,17,11,13,3,9,3,5,8,0,0,0.00661798265632,0.00661798265632,0.00950859577058,0.00905218317359,0.012018865054,0.0133120340788,0.0136163091435,0.0152137532329,0.0149855469344,0.0164308534916,0.0168872660885,0.017115472387,0.018484710178,0.0188650540088,0.0168111973224,0.0184086414118,0.0204624980983,0.0169633348547,0.0120949338202,0.0062376388255,0.00593336376084,0.00593336376084,0.0062376388255,0.00851970181044,0.00638977635783,0.00715046401947,0.00646584512399,0.006009432527,0.00395557584056,0.00654191389016,0.00715046401947,0.00661798265632,0.00562908869618,0.00532481363152,0.00783508291496,0.00722653278564,0.00821542674578,0.00935645823825,0.0123992088848,0.0149094781683,0.0146812718698,0.0143769968051,0.0168872660885,0.0165829910239,0.0155940970637,0.0178761600487,0.0197778792028,0.018941122775,0.0194736041381,0.0206146356306,0.0174197474517,0.0202342917998,0.0190171915412,0.0186368477103,0.0181804351133,0.0187129164765,0.0159744408946,0.0152137532329,0.0155180282976,0.0146812718698,0.0123231401187,0.0128556214818,0.0112581773924,0.0130077590141,0.00973680206907,0.00943252700441,0.00958466453674,0.00966073330291,0.00783508291496,0.00813935797961,0.00631370759166,0.00570515746235,0.00638977635783,0.00638977635783,0.00456412596988,0.0062376388255,0.00502053856686,0.0062376388255,0.006009432527,0.00464019473604,0.00562908869618,0.00638977635783,0.00547695116385,0.00547695116385,0.00570515746235,0.00471626350221,0.00456412596988,0.0049444698007,0.00327095694508,0.00448805720371,0.00212992545261,0.00251026928343,0.00220599421877,0.0012931690248,0.000836756427811,0.00098889396014,0.000228206298494,0.000684618895482,0.000228206298494,0.000380343830823,0.000608550129317,0.0,0.0
0600000US4400722960,4400722960,"East Providence city, Providence County, Rhode Island",East Providence,47037,513,503,544,513,469,501,502,468,455,507,472,484,507,478,549,522,579,611,504,502,521,501,537,600,553,637,615,603,607,654,657,639,606,558,579,503,552,559,604,651,633,616,623,602,660,681,727,734,750,764,698,706,768,716,741,706,679,652,594,652,552,535,601,618,478,485,465,456,420,347,338,343,331,313,314,306,297,289,303,330,313,341,318,321,274,282,248,213,177,154,131,126,98,95,57,36,51,23,12,5,19,1,0,0.0109063078002,0.0106937092076,0.0115653634373,0.0109063078002,0.00997087399281,0.0106511894891,0.0106724493484,0.00994961413355,0.00967323596318,0.0107787486447,0.0100346535706,0.0102897718817,0.0107787486447,0.0101622127262,0.0116716627336,0.0110976465336,0.0123094585114,0.0129897740077,0.0107149690669,0.0106724493484,0.0110763866743,0.0106511894891,0.0114165444225,0.0127559155558,0.0117567021706,0.0135425303484,0.0130748134447,0.0128196951336,0.0129047345707,0.0139039479559,0.0139677275336,0.013585050067,0.0128834747114,0.0118630014669,0.0123094585114,0.0106937092076,0.0117354423114,0.0118842613262,0.0128409549929,0.0138401683781,0.0134574909114,0.013096073304,0.0132448923188,0.0127984352744,0.0140315071114,0.0144779641559,0.0154559176818,0.0156047366966,0.0159448944448,0.0162425324744,0.0148393817633,0.0150094606374,0.0163275719115,0.01522205923,0.0157535557115,0.0150094606374,0.0144354444374,0.0138614282373,0.0126283564003,0.0138614282373,0.0117354423114,0.011374024704,0.0127771754151,0.0131385930225,0.0101622127262,0.010311031741,0.00988583455578,0.00969449582244,0.00892914088909,0.00737717116313,0.00718583242979,0.00729213172609,0.00703701341497,0.0066543359483,0.00667559580756,0.00650551693348,0.00631417820014,0.00614409932606,0.0064417373557,0.00701575355571,0.0066543359483,0.00724961200757,0.00676063524459,0.00682441482237,0.00582520143717,0.00599528031124,0.00527244509641,0.00452835002232,0.00376299508897,0.003274018326,0.00278504156302,0.00267874226673,0.00208346620745,0.00201968662967,0.0012118119778,0.00076535493335,0.00108425282225,0.000488976762974,0.000255118311117,0.000106299296299,0.000403937325935,2.12598592597e-05,0.0
0600000US4400925300,4400925300,"Exeter town, Washington County, Rhode Island",Exeter,6425,56,59,51,50,55,60,59,66,66,70,69,78,72,101,86,85,115,136,119,124,91,78,70,86,58,78,53,45,56,50,50,58,56,54,61,48,63,56,67,77,87,90,92,91,124,143,135,143,141,131,116,133,148,149,128,120,124,111,106,110,97,91,84,99,76,55,71,66,47,47,49,24,23,35,25,19,20,22,20,20,21,20,12,19,12,18,13,9,5,10,9,8,5,2,6,4,4,0,1,1,2,0,0,0.00871595330739,0.00918287937743,0.00793774319066,0.00778210116732,0.00856031128405,0.00933852140078,0.00918287937743,0.0102723735409,0.0102723735409,0.0108949416342,0.0107392996109,0.012140077821,0.0112062256809,0.015719844358,0.0133852140078,0.0132295719844,0.0178988326848,0.0211673151751,0.0185214007782,0.0192996108949,0.0141634241245,0.012140077821,0.0108949416342,0.0133852140078,0.00902723735409,0.012140077821,0.00824902723735,0.00700389105058,0.00871595330739,0.00778210116732,0.00778210116732,0.00902723735409,0.00871595330739,0.0084046692607,0.00949416342412,0.00747081712062,0.00980544747082,0.00871595330739,0.0104280155642,0.0119844357977,0.0135408560311,0.0140077821012,0.0143190661479,0.0141634241245,0.0192996108949,0.0222568093385,0.0210116731518,0.0222568093385,0.0219455252918,0.0203891050584,0.0180544747082,0.0207003891051,0.0230350194553,0.0231906614786,0.0199221789883,0.0186770428016,0.0192996108949,0.0172762645914,0.0164980544747,0.0171206225681,0.0150972762646,0.0141634241245,0.0130739299611,0.0154085603113,0.0118287937743,0.00856031128405,0.0110505836576,0.0102723735409,0.00731517509728,0.00731517509728,0.00762645914397,0.00373540856031,0.00357976653696,0.00544747081712,0.00389105058366,0.00295719844358,0.00311284046693,0.00342412451362,0.00311284046693,0.00311284046693,0.00326848249027,0.00311284046693,0.00186770428016,0.00295719844358,0.00186770428016,0.00280155642023,0.0020233463035,0.00140077821012,0.000778210116732,0.00155642023346,0.00140077821012,0.00124513618677,0.000778210116732,0.000311284046693,0.000933852140078,0.000622568093385,0.000622568093385,0.0,0.000155642023346,0.000155642023346,0.000311284046693,0.0,0.0
0600000US4400727460,4400727460,"Foster town, Providence County, Rhode Island",Foster,4606,29,35,49,46,53,48,55,48,48,56,52,50,60,60,69,58,90,80,73,52,46,46,48,50,33,23,25,32,33,23,33,34,21,35,42,48,48,63,45,72,99,65,81,87,77,109,81,91,102,104,82,99,79,79,75,103,95,101,85,70,81,73,62,76,48,64,40,51,43,26,39,24,22,17,26,26,17,20,10,21,15,15,12,18,10,19,10,7,9,3,8,6,4,3,0,2,2,2,0,0,0,0,0,0.00629613547547,0.00759878419453,0.0106382978723,0.00998697351281,0.0115067303517,0.0104211897525,0.0119409465914,0.0104211897525,0.0104211897525,0.0121580547112,0.0112896222319,0.0108554059922,0.0130264871906,0.0130264871906,0.0149804602692,0.0125922709509,0.0195397307859,0.0173686495875,0.0158488927486,0.0112896222319,0.00998697351281,0.00998697351281,0.0104211897525,0.0108554059922,0.00716456795484,0.0049934867564,0.00542770299609,0.006947459835,0.00716456795484,0.0049934867564,0.00716456795484,0.00738167607469,0.00455927051672,0.00759878419453,0.00911854103343,0.0104211897525,0.0104211897525,0.0136778115502,0.00976986539297,0.0156317846287,0.0214937038645,0.0141120277898,0.0175857577073,0.0188884064264,0.016717325228,0.023664785063,0.0175857577073,0.0197568389058,0.0221450282241,0.0225792444637,0.0178028658272,0.0214937038645,0.0171515414677,0.0171515414677,0.0162831089883,0.0223621363439,0.0206252713851,0.0219279201042,0.0184541901867,0.0151975683891,0.0175857577073,0.0158488927486,0.0134607034303,0.0165002171081,0.0104211897525,0.01389491967,0.00868432479375,0.011072514112,0.00933564915328,0.00564481111594,0.0084672166739,0.00521059487625,0.00477637863656,0.00369083803734,0.00564481111594,0.00564481111594,0.00369083803734,0.00434216239687,0.00217108119844,0.00455927051672,0.00325662179766,0.00325662179766,0.00260529743812,0.00390794615719,0.00217108119844,0.00412505427703,0.00217108119844,0.00151975683891,0.00195397307859,0.000651324359531,0.00173686495875,0.00130264871906,0.000868432479375,0.000651324359531,0.0,0.000434216239687,0.000434216239687,0.000434216239687,0.0,0.0,0.0,0.0,0.0
0600000US4400730340,4400730340,"Glocester town, Providence County, Rhode Island",Glocester,9746,92,74,81,85,106,100,95,106,115,126,118,128,121,134,151,151,166,149,127,142,98,90,117,83,87,83,64,66,71,64,86,78,82,86,88,103,95,106,114,127,138,140,143,182,176,207,181,184,186,224,224,216,228,199,220,200,183,163,179,153,145,137,130,138,76,113,102,94,71,83,69,63,53,65,53,50,32,36,45,34,41,28,28,36,22,22,23,13,14,12,10,7,2,5,4,2,1,2,1,3,0,0,0,0.00943977016212,0.00759285860866,0.00831110199056,0.00872152678022,0.0108762569259,0.0102606197414,0.00974758875436,0.0108762569259,0.0117997127026,0.0129283808742,0.0121075312949,0.013133593269,0.0124153498871,0.0137492304535,0.0154935358096,0.0154935358096,0.0170326287708,0.0152883234147,0.0130309870716,0.0145700800328,0.0100554073466,0.00923455776729,0.0120049250975,0.00851631438539,0.00892673917505,0.00851631438539,0.00656679663452,0.00677200902935,0.00728504001642,0.00656679663452,0.00882413297763,0.00800328339832,0.00841370818797,0.00882413297763,0.00902934537246,0.0105684383337,0.00974758875436,0.0108762569259,0.0116971065052,0.0130309870716,0.0141596552432,0.014364867638,0.0146726862302,0.0186743279294,0.0180586907449,0.0212394828648,0.018571721732,0.0188795403242,0.0190847527191,0.0229837882208,0.0229837882208,0.0221629386415,0.0233942130105,0.0204186332855,0.0225733634312,0.0205212394829,0.0187769341268,0.0167248101785,0.0183665093372,0.0156987482044,0.0148778986251,0.0140570490458,0.0133388056639,0.0141596552432,0.00779807100349,0.0115945003078,0.0104658321363,0.00964498255695,0.00728504001642,0.00851631438539,0.00707982762159,0.0064641904371,0.00543812846296,0.00666940283193,0.00543812846296,0.00513030987072,0.00328339831726,0.00369382310692,0.00461727888364,0.00348861071209,0.00420685409399,0.0028729735276,0.0028729735276,0.00369382310692,0.00225733634312,0.00225733634312,0.00235994254053,0.00133388056639,0.0014364867638,0.00123127436897,0.00102606197414,0.0007182433819,0.000205212394829,0.000513030987072,0.000410424789657,0.000205212394829,0.000102606197414,0.000205212394829,0.000102606197414,0.000307818592243,0.0,0.0,0.0
0600000US4400935380,4400935380,"Hopkinton town, Washington County, Rhode Island",Hopkinton,8188,75,79,104,80,87,77,116,86,115,91,109,125,99,124,118,117,129,114,91,90,73,74,76,65,73,65,68,74,79,72,72,77,89,82,95,87,79,93,105,124,141,128,147,127,160,176,167,171,159,147,144,146,155,121,144,148,138,132,119,108,106,125,127,112,76,105,90,89,68,66,52,47,54,42,44,41,42,47,38,28,33,35,35,27,21,20,13,16,22,7,9,3,6,8,1,3,2,0,2,0,0,0,0,0.00915974596971,0.00964826575476,0.0127015144113,0.00977039570103,0.0106253053249,0.00940400586224,0.0141670737665,0.0105031753786,0.0140449438202,0.0111138251099,0.0133121641426,0.0152662432829,0.01209086468,0.0151441133366,0.014411333659,0.0142892037128,0.0157547630679,0.013922813874,0.0111138251099,0.0109916951637,0.00891548607719,0.00903761602345,0.00928187591597,0.00793844650708,0.00891548607719,0.00793844650708,0.00830483634587,0.00903761602345,0.00964826575476,0.00879335613092,0.00879335613092,0.00940400586224,0.0108695652174,0.0100146555936,0.011602344895,0.0106253053249,0.00964826575476,0.0113580850024,0.0128236443576,0.0151441133366,0.0172203224231,0.0156326331216,0.0179531021006,0.0155105031754,0.0195407914021,0.0214948705423,0.0203957010259,0.0208842208109,0.0194186614558,0.0179531021006,0.0175867122618,0.0178309721544,0.0189301416707,0.0147777234978,0.0175867122618,0.0180752320469,0.0168539325843,0.0161211529067,0.0145334636053,0.0131900341964,0.0129457743039,0.0152662432829,0.0155105031754,0.0136785539814,0.00928187591597,0.0128236443576,0.0109916951637,0.0108695652174,0.00830483634587,0.00806057645335,0.00635075720567,0.00574010747435,0.00659501709819,0.00512945774304,0.00537371763556,0.00500732779678,0.00512945774304,0.00574010747435,0.00464093795799,0.00341963849536,0.00403028822667,0.0042745481192,0.0042745481192,0.0032975085491,0.00256472887152,0.00244259892526,0.00158768930142,0.00195407914021,0.00268685881778,0.00085490962384,0.00109916951637,0.000366389838788,0.000732779677577,0.000977039570103,0.000122129946263,0.000366389838788,0.000244259892526,0.0,0.000244259892526,0.0,0.0,0.0,0.0
0600000US4400536820,4400536820,"Jamestown town, Newport County, Rhode Island",Jamestown,5405,28,27,30,52,50,47,53,52,63,51,62,68,80,65,80,64,86,85,56,42,30,35,35,36,23,37,28,24,23,26,32,27,30,28,38,41,48,51,48,56,76,53,49,80,86,85,81,81,93,108,104,117,118,118,129,124,114,121,136,112,137,111,122,137,82,94,82,73,65,59,58,51,46,36,33,25,28,26,28,33,32,35,25,35,20,21,13,19,12,13,11,5,5,4,2,2,1,0,1,0,1,0,0,0.00518038852914,0.0049953746531,0.00555041628122,0.00962072155412,0.00925069380204,0.00869565217391,0.00980573543016,0.00962072155412,0.0116558741906,0.00943570767808,0.0114708603145,0.0125809435708,0.0148011100833,0.0120259019426,0.0148011100833,0.0118408880666,0.0159111933395,0.0157261794635,0.0103607770583,0.00777058279371,0.00555041628122,0.00647548566142,0.00647548566142,0.00666049953747,0.00425531914894,0.00684551341351,0.00518038852914,0.00444033302498,0.00425531914894,0.00481036077706,0.0059204440333,0.0049953746531,0.00555041628122,0.00518038852914,0.00703052728955,0.00758556891767,0.00888066604995,0.00943570767808,0.00888066604995,0.0103607770583,0.0140610545791,0.00980573543016,0.00906567992599,0.0148011100833,0.0159111933395,0.0157261794635,0.0149861239593,0.0149861239593,0.0172062904718,0.0199814986124,0.0192414431082,0.0216466234968,0.0218316373728,0.0218316373728,0.0238667900093,0.022941720629,0.0210915818686,0.0223866790009,0.0251618871415,0.0207215541166,0.0253469010176,0.0205365402405,0.022571692877,0.0253469010176,0.0151711378353,0.0173913043478,0.0151711378353,0.013506012951,0.0120259019426,0.0109158186864,0.0107308048104,0.00943570767808,0.00851063829787,0.00666049953747,0.00610545790934,0.00462534690102,0.00518038852914,0.00481036077706,0.00518038852914,0.00610545790934,0.0059204440333,0.00647548566142,0.00462534690102,0.00647548566142,0.00370027752081,0.00388529139685,0.00240518038853,0.00351526364477,0.00222016651249,0.00240518038853,0.00203515263645,0.000925069380204,0.000925069380204,0.000740055504163,0.000370027752081,0.000370027752081,0.000185013876041,0.0,0.000185013876041,0.0,0.000185013876041,0.0,0.0
0600000US4400737720,4400737720,"Johnston town, Providence County, Rhode Island",Johnston,28769,247,300,269,250,278,303,283,282,311,289,292,348,314,354,352,322,339,347,311,300,314,301,320,347,313,303,323,299,347,323,367,302,317,313,311,333,331,331,383,437,396,438,420,447,486,474,444,424,505,481,467,476,472,469,468,436,411,393,339,369,374,376,368,379,297,272,281,320,251,232,229,249,214,212,219,194,173,185,163,192,186,186,193,175,178,157,178,151,135,111,100,73,65,53,35,18,17,18,11,13,14,1,0,0.00858563036602,0.0104278911328,0.00935034238243,0.00868990927735,0.00966317911641,0.0105321700441,0.00983697730196,0.00980221766485,0.010810247141,0.0100455351246,0.0101498140359,0.0120963537141,0.0109145260523,0.0123049115367,0.0122353922625,0.0111926031492,0.0117835169801,0.012061594077,0.010810247141,0.0104278911328,0.0109145260523,0.0104626507699,0.011123083875,0.012061594077,0.0108797664152,0.0105321700441,0.0112273627863,0.0103931314957,0.012061594077,0.0112273627863,0.0127567868191,0.010497410407,0.0110188049637,0.0108797664152,0.010810247141,0.0115749591574,0.0115054398832,0.0115054398832,0.0133129410129,0.0151899614168,0.0137648162953,0.0152247210539,0.0145990475859,0.0155375577879,0.0168931836352,0.0164760679899,0.0154332788766,0.0147380861344,0.0175536167402,0.0167193854496,0.0162327505301,0.0165455872641,0.0164065487156,0.0163022698043,0.0162675101672,0.0151552017797,0.014286210852,0.013660537384,0.0117835169801,0.0128263060934,0.0130001042789,0.0130696235531,0.0127915464563,0.0131739024645,0.0103236122215,0.00945462129375,0.00976745802774,0.011123083875,0.00872466891446,0.00806423580938,0.00795995689805,0.00865514964024,0.00743856234141,0.00736904306719,0.00761236052696,0.00674336959922,0.00601341721992,0.00643053286524,0.00566582084883,0.006673850325,0.00646529250235,0.00646529250235,0.00670860996211,0.00608293649414,0.00618721540547,0.00545726302617,0.00618721540547,0.00524870520352,0.00469255100977,0.00385831971914,0.00347596371094,0.00253745350899,0.00225937641211,0.0018422607668,0.00121658729883,0.000625673467969,0.00059091383086,0.000625673467969,0.000382356008203,0.000451875282422,0.000486634919531,3.47596371094e-05,0.0
0600000US4400741500,4400741500,"Lincoln town, Providence County, Rhode Island",Lincoln,21105,195,193,199,201,211,245,246,257,281,250,284,284,298,314,303,349,305,336,244,227,212,220,199,234,207,216,203,209,201,190,233,215,213,212,196,207,233,236,276,249,323,263,332,326,334,340,365,367,384,393,400,361,372,333,335,328,309,328,295,249,284,249,289,286,181,201,176,174,182,153,160,166,155,152,124,126,131,116,123,119,123,119,119,105,98,108,95,86,89,56,56,37,43,30,25,19,8,6,4,5,6,1,0,0.0092395167022,0.00914475242833,0.00942904524994,0.00952380952381,0.00999763089315,0.0116086235489,0.0116560056859,0.0121772091921,0.0133143804786,0.0118455342336,0.0134565268894,0.0134565268894,0.0141198768064,0.0148779909974,0.0143567874911,0.0165363657901,0.014451551765,0.01592039801,0.011561241412,0.0107557450841,0.0100450130301,0.0104240701256,0.00942904524994,0.0110874200426,0.00980810234542,0.0102345415778,0.00961857379768,0.00990286661928,0.00952380952381,0.00900260601753,0.0110400379057,0.0101871594409,0.010092395167,0.0100450130301,0.00928689883914,0.00980810234542,0.0110400379057,0.0111821843165,0.0130774697939,0.0117981520967,0.0153044302298,0.0124615020137,0.0157308694622,0.0154465766406,0.0158256337361,0.0161099265577,0.017294479981,0.0173892442549,0.0181947405828,0.0186211798152,0.0189528547738,0.0171049514333,0.0176261549396,0.0157782515991,0.015873015873,0.0155413409145,0.0146410803127,0.0155413409145,0.0139777303956,0.0117981520967,0.0134565268894,0.0117981520967,0.013693437574,0.0135512911632,0.00857616678512,0.00952380952381,0.00833925610045,0.00824449182658,0.00862354892206,0.00724946695096,0.0075811419095,0.00786543473111,0.00734423122483,0.00720208481403,0.00587538497986,0.00597014925373,0.0062070599384,0.00549632788439,0.00582800284293,0.00563847429519,0.00582800284293,0.00563847429519,0.00563847429519,0.00497512437811,0.00464344941957,0.00511727078891,0.00450130300877,0.00407486377636,0.00421701018716,0.00265339966833,0.00265339966833,0.00175313906657,0.00203743188818,0.00142146410803,0.00118455342336,0.000900260601753,0.000379057095475,0.000284292821606,0.000189528547738,0.000236910684672,0.000284292821606,4.73821369344e-05,0.0
0600000US4400542400,4400542400,"Little Compton town, Newport County, Rhode Island",Little Compton,3492,19,22,27,21,28,42,29,48,44,41,49,50,38,38,32,39,45,42,32,29,25,21,24,22,23,16,15,25,24,21,25,21,24,22,24,24,27,41,32,39,44,56,41,50,62,48,46,61,54,61,75,54,52,69,53,67,66,75,79,55,65,69,54,84,48,80,50,52,61,40,28,42,41,25,35,31,36,32,35,25,27,21,16,13,22,13,8,16,9,14,5,5,3,4,1,2,0,0,0,1,1,0,0,0.00544100801833,0.00630011454754,0.00773195876289,0.00601374570447,0.00801832760596,0.0120274914089,0.00830469644903,0.0137457044674,0.0126002290951,0.0117411225659,0.0140320733104,0.0143184421535,0.0108820160367,0.0108820160367,0.00916380297824,0.0111683848797,0.0128865979381,0.0120274914089,0.00916380297824,0.00830469644903,0.00715922107675,0.00601374570447,0.00687285223368,0.00630011454754,0.00658648339061,0.00458190148912,0.00429553264605,0.00715922107675,0.00687285223368,0.00601374570447,0.00715922107675,0.00601374570447,0.00687285223368,0.00630011454754,0.00687285223368,0.00687285223368,0.00773195876289,0.0117411225659,0.00916380297824,0.0111683848797,0.0126002290951,0.0160366552119,0.0117411225659,0.0143184421535,0.0177548682703,0.0137457044674,0.0131729667812,0.0174684994273,0.0154639175258,0.0174684994273,0.0214776632302,0.0154639175258,0.0148911798396,0.0197594501718,0.0151775486827,0.0191867124857,0.0189003436426,0.0214776632302,0.0226231386025,0.0157502863688,0.0186139747995,0.0197594501718,0.0154639175258,0.0240549828179,0.0137457044674,0.0229095074456,0.0143184421535,0.0148911798396,0.0174684994273,0.0114547537228,0.00801832760596,0.0120274914089,0.0117411225659,0.00715922107675,0.0100229095074,0.00887743413517,0.0103092783505,0.00916380297824,0.0100229095074,0.00715922107675,0.00773195876289,0.00601374570447,0.00458190148912,0.00372279495991,0.00630011454754,0.00372279495991,0.00229095074456,0.00458190148912,0.00257731958763,0.00400916380298,0.00143184421535,0.00143184421535,0.00085910652921,0.00114547537228,0.00028636884307,0.00057273768614,0.0,0.0,0.0,0.00028636884307,0.00028636884307,0.0,0.0
0600000US4400545460,4400545460,"Middletown town, Newport County, Rhode Island",Middletown,16150,180,165,157,205,226,200,198,191,214,210,202,220,207,200,249,215,193,220,152,128,136,146,162,159,173,168,159,176,201,189,170,175,193,161,179,219,195,171,174,204,241,211,239,244,213,268,235,285,272,270,250,247,282,237,238,243,230,213,207,215,228,209,214,190,184,160,135,156,144,130,138,122,126,105,118,100,75,101,94,99,95,89,101,79,90,69,73,80,77,54,57,32,32,36,17,13,9,18,3,6,9,1,0,0.0111455108359,0.0102167182663,0.0097213622291,0.012693498452,0.0139938080495,0.0123839009288,0.0122600619195,0.011826625387,0.0132507739938,0.0130030959752,0.0125077399381,0.0136222910217,0.0128173374613,0.0123839009288,0.0154179566563,0.0133126934985,0.0119504643963,0.0136222910217,0.00941176470588,0.00792569659443,0.00842105263158,0.00904024767802,0.0100309597523,0.00984520123839,0.0107120743034,0.0104024767802,0.00984520123839,0.0108978328173,0.0124458204334,0.0117027863777,0.0105263157895,0.0108359133127,0.0119504643963,0.00996904024768,0.0110835913313,0.013560371517,0.0120743034056,0.0105882352941,0.010773993808,0.0126315789474,0.0149226006192,0.0130650154799,0.0147987616099,0.0151083591331,0.0131888544892,0.0165944272446,0.0145510835913,0.0176470588235,0.0168421052632,0.0167182662539,0.015479876161,0.0152941176471,0.0174613003096,0.0146749226006,0.0147368421053,0.0150464396285,0.0142414860681,0.0131888544892,0.0128173374613,0.0133126934985,0.0141176470588,0.0129411764706,0.0132507739938,0.0117647058824,0.0113931888545,0.00990712074303,0.00835913312693,0.00965944272446,0.00891640866873,0.00804953560372,0.00854489164087,0.00755417956656,0.00780185758514,0.00650154798762,0.00730650154799,0.0061919504644,0.0046439628483,0.00625386996904,0.00582043343653,0.00613003095975,0.00588235294118,0.00551083591331,0.00625386996904,0.00489164086687,0.00557275541796,0.00427244582043,0.00452012383901,0.00495356037152,0.00476780185759,0.00334365325077,0.00352941176471,0.00198142414861,0.00198142414861,0.00222910216718,0.00105263157895,0.000804953560372,0.000557275541796,0.00111455108359,0.000185758513932,0.000371517027864,0.000557275541796,6.1919504644e-05,0.0
0600000US4400948340,4400948340,"Narragansett town, Washington County, Rhode Island",Narragansett,15868,91,83,97,93,117,131,127,103,105,136,134,119,132,160,138,165,187,151,147,370,821,1102,820,337,201,148,145,131,132,136,110,123,108,115,89,109,101,101,130,139,139,152,156,177,169,194,215,193,192,224,255,213,230,240,233,254,230,251,260,231,217,234,251,224,205,189,187,208,168,149,133,121,113,117,103,113,81,106,85,97,80,72,91,60,61,57,39,42,51,24,25,18,17,13,9,6,3,5,1,1,0,0,0,0.00573481220066,0.00523065288631,0.00611293168641,0.00586085202924,0.00737332997227,0.00825560877237,0.0080035291152,0.00649105117217,0.00661709100076,0.00857070834384,0.00844466851525,0.00749936980086,0.00831862868666,0.0100831862869,0.00869674817242,0.0103982858583,0.0117847239728,0.00951600705823,0.00926392740106,0.0233173682884,0.0517393496345,0.0694479455508,0.0516763297202,0.0212377111167,0.0126670027729,0.00932694731535,0.00913788757247,0.00825560877237,0.00831862868666,0.00857070834384,0.00693219057222,0.00775144945803,0.00680615074363,0.00724729014369,0.00560877237207,0.00686917065793,0.00636501134358,0.00636501134358,0.00819258885808,0.00875976808672,0.00875976808672,0.00957902697252,0.00983110662969,0.0111545248298,0.0106503655155,0.0122258633728,0.013549281573,0.0121628434585,0.0120998235442,0.0141164608016,0.0160700781447,0.0134232417444,0.0144945802874,0.0151247794303,0.0146836400302,0.0160070582304,0.0144945802874,0.0158179984875,0.0163851777162,0.0145576002017,0.0136753214016,0.0147466599445,0.0158179984875,0.0141164608016,0.01291908243,0.0119107638014,0.0117847239728,0.0131081421729,0.0105873456012,0.00938996722964,0.00838164860096,0.00762540962944,0.0071212503151,0.00737332997227,0.00649105117217,0.0071212503151,0.00510461305773,0.00668011091505,0.0053566927149,0.00611293168641,0.00504159314343,0.00453743382909,0.00573481220066,0.00378119485757,0.00384421477187,0.0035921351147,0.00245777665742,0.0026468364003,0.00321401562894,0.00151247794303,0.00157549785732,0.00113435845727,0.00107133854298,0.000819258885808,0.000567179228636,0.000378119485757,0.000189059742879,0.000315099571465,6.30199142929e-05,6.30199142929e-05,0.0,0.0,0.0
0600000US4400950500,4400950500,"New Shoreham town, Washington County, Rhode Island",New Shoreham,1051,6,10,5,8,7,7,14,14,10,7,11,9,8,16,10,7,8,6,3,3,2,2,3,10,12,5,8,9,11,13,12,10,7,15,7,18,16,7,16,14,13,16,9,19,14,15,20,15,15,20,23,18,18,23,21,20,16,18,17,21,23,19,18,23,27,20,14,19,17,9,8,12,4,16,8,7,7,6,7,8,12,2,10,6,5,4,5,4,7,0,1,3,0,1,0,1,0,1,0,0,0,0,0,0.00570884871551,0.00951474785918,0.00475737392959,0.00761179828735,0.00666032350143,0.00666032350143,0.0133206470029,0.0133206470029,0.00951474785918,0.00666032350143,0.0104662226451,0.00856327307326,0.00761179828735,0.0152235965747,0.00951474785918,0.00666032350143,0.00761179828735,0.00570884871551,0.00285442435775,0.00285442435775,0.00190294957184,0.00190294957184,0.00285442435775,0.00951474785918,0.011417697431,0.00475737392959,0.00761179828735,0.00856327307326,0.0104662226451,0.0123691722169,0.011417697431,0.00951474785918,0.00666032350143,0.0142721217888,0.00666032350143,0.0171265461465,0.0152235965747,0.00666032350143,0.0152235965747,0.0133206470029,0.0123691722169,0.0152235965747,0.00856327307326,0.0180780209324,0.0133206470029,0.0142721217888,0.0190294957184,0.0142721217888,0.0142721217888,0.0190294957184,0.0218839200761,0.0171265461465,0.0171265461465,0.0218839200761,0.0199809705043,0.0190294957184,0.0152235965747,0.0171265461465,0.0161750713606,0.0199809705043,0.0218839200761,0.0180780209324,0.0171265461465,0.0218839200761,0.0256898192198,0.0190294957184,0.0133206470029,0.0180780209324,0.0161750713606,0.00856327307326,0.00761179828735,0.011417697431,0.00380589914367,0.0152235965747,0.00761179828735,0.00666032350143,0.00666032350143,0.00570884871551,0.00666032350143,0.00761179828735,0.011417697431,0.00190294957184,0.00951474785918,0.00570884871551,0.00475737392959,0.00380589914367,0.00475737392959,0.00380589914367,0.00666032350143,0.0,0.000951474785918,0.00285442435775,0.0,0.000951474785918,0.0,0.000951474785918,0.0,0.000951474785918,0.0,0.0,0.0,0.0,0.0
0600000US4400549960,4400549960,"Newport city, Newport County, Rhode Island",Newport,24672,285,258,277,282,232,255,203,212,215,199,181,185,204,185,223,200,243,244,509,716,628,581,568,544,473,444,447,404,405,369,386,346,382,316,320,300,317,327,319,359,358,270,303,240,314,294,298,322,301,287,308,272,363,349,305,315,308,309,271,318,337,298,296,328,255,235,234,238,211,168,178,159,137,150,106,130,130,124,115,97,117,112,122,105,83,70,69,73,51,68,47,44,31,24,26,13,10,18,6,3,6,0,0,0.0115515564202,0.0104571984436,0.0112273022049,0.0114299610895,0.00940337224384,0.0103356031128,0.00822795071336,0.00859273670558,0.00871433203632,0.00806582360571,0.00733625162127,0.00749837872892,0.00826848249027,0.00749837872892,0.00903858625162,0.00810635538262,0.00984922178988,0.0098897535668,0.0206306744488,0.0290207522698,0.0254539559014,0.0235489623865,0.0230220492866,0.0220492866407,0.0191715304799,0.0179961089494,0.0181177042802,0.0163748378729,0.0164153696498,0.0149562256809,0.0156452658885,0.0140239948119,0.0154831387808,0.0128080415045,0.0129701686122,0.0121595330739,0.0128485732815,0.0132538910506,0.0129296368353,0.0145509079118,0.0145103761349,0.0109435797665,0.0122811284047,0.00972762645914,0.0127269779507,0.0119163424125,0.0120784695201,0.013051232166,0.0122000648508,0.0116326199741,0.0124837872892,0.0110246433204,0.0147130350195,0.0141455901427,0.0123621919585,0.0127675097276,0.0124837872892,0.0125243190661,0.0109841115435,0.0128891050584,0.0136592088197,0.0120784695201,0.0119974059663,0.0132944228275,0.0103356031128,0.00952496757458,0.00948443579767,0.00964656290532,0.00855220492866,0.0068093385214,0.00721465629053,0.00644455252918,0.00555285343709,0.00607976653696,0.00429636835279,0.0052691309987,0.0052691309987,0.00502594033722,0.00466115434501,0.00393158236057,0.00474221789883,0.00453955901427,0.0049448767834,0.00425583657588,0.00336413748379,0.00283722438392,0.002796692607,0.00295881971466,0.00206712062257,0.00275616083009,0.00190499351492,0.00178339818418,0.00125648508431,0.000972762645914,0.00105382619974,0.00052691309987,0.000405317769131,0.000729571984436,0.000243190661479,0.000121595330739,0.000243190661479,0.0,0.0
0600000US4400951580,4400951580,"North Kingstown town, Washington County, Rhode Island",North Kingstown,26486,190,250,288,275,318,298,346,354,367,348,371,387,408,421,418,414,439,430,285,217,251,260,249,238,236,237,205,208,204,196,211,212,215,250,226,249,249,289,313,356,370,396,413,411,439,487,471,475,503,494,513,518,470,498,461,505,478,431,444,416,409,379,397,416,288,288,291,262,230,199,192,167,189,118,149,124,145,122,103,126,117,105,114,108,98,78,85,58,57,51,49,24,20,18,10,12,5,5,3,2,1,1,0,0.00717360114778,0.00943894887865,0.0108736691082,0.0103828437665,0.0120063429736,0.0112512270634,0.0130635052481,0.0133655516122,0.0138563769539,0.0131390168391,0.0140074001359,0.0146114928642,0.01540436457,0.0158951899117,0.0157819225251,0.015630899343,0.0165747942309,0.0162349920713,0.0107604017217,0.00819300762667,0.00947670467417,0.0098165068338,0.00940119308314,0.00898587933248,0.00891036774145,0.00894812353696,0.0077399380805,0.00785320546704,0.00770218228498,0.00740013592086,0.00796647285358,0.0080042286491,0.00811749603564,0.00943894887865,0.0085328097863,0.00940119308314,0.00940119308314,0.0109114249037,0.0118175639961,0.0134410632032,0.0139696443404,0.0149512950238,0.0155931435475,0.0155176319565,0.0165747942309,0.0183870724156,0.0177829796874,0.0179340028694,0.0189911651438,0.0186513629842,0.019368723099,0.0195575020766,0.0177452238919,0.0188023861663,0.0174054217322,0.0190666767349,0.018047270256,0.0162727478668,0.0167635732085,0.0157064109341,0.0154421203655,0.0143094465,0.0149890508193,0.0157064109341,0.0108736691082,0.0108736691082,0.0109869364948,0.00989201842483,0.00868383296836,0.00751340330741,0.00724911273881,0.00630521785094,0.00713584535226,0.00445518387072,0.00562561353168,0.00468171864381,0.00547459034962,0.00460620705278,0.003888846938,0.00475723023484,0.00441742807521,0.00396435852903,0.00430416068867,0.00407762591558,0.00370006796043,0.00294495205014,0.00320924261874,0.00218983613985,0.00215208034433,0.00192554557125,0.00185003398022,0.000906139092351,0.000755115910292,0.000679604319263,0.000377557955146,0.000453069546175,0.000188778977573,0.000188778977573,0.000113267386544,7.55115910292e-05,3.77557955146e-05,3.77557955146e-05,0.0
0600000US4400751760,4400751760,"North Providence town, Providence County, Rhode Island",North Providence,32078,290,267,294,293,282,311,303,287,300,297,287,307,292,332,302,334,368,368,323,329,398,369,374,395,432,436,421,397,427,414,476,407,446,373,356,425,365,384,444,395,460,451,454,426,469,442,503,460,487,512,521,515,497,503,509,466,476,438,399,459,426,415,455,478,308,341,342,344,257,254,281,249,249,248,218,253,251,241,219,247,200,250,246,177,213,189,174,161,142,120,96,67,62,42,40,33,21,9,2,3,7,1,0,0.00904046386932,0.00832346156244,0.00916515992269,0.00913398590935,0.00879107176258,0.00969511814951,0.00944572604277,0.00894694182929,0.00935220400274,0.00925868196272,0.00894694182929,0.00957042209614,0.009102811896,0.0103497724297,0.00941455202943,0.0104121204564,0.01147203691,0.01147203691,0.0100692063096,0.0102562503897,0.0124072573103,0.0115032109234,0.0116590809901,0.0123137352703,0.013467173764,0.0135918698173,0.0131242596172,0.012376083297,0.0133113036972,0.0129060415238,0.014838830351,0.0126878234304,0.0139036099507,0.0116279069767,0.0110979487499,0.0132489556706,0.01137851487,0.0119708211235,0.0138412619241,0.0123137352703,0.0143400461375,0.0140594800175,0.0141530020575,0.0132801296839,0.0146206122576,0.0137789138974,0.0156805287113,0.0143400461375,0.0151817444978,0.0159610948313,0.0162416609514,0.0160546168714,0.0154934846312,0.0156805287113,0.0158675727913,0.0145270902176,0.014838830351,0.013654217844,0.0124384313236,0.0143088721242,0.0132801296839,0.0129372155371,0.0141841760708,0.0149011783777,0.00960159610948,0.0106303385498,0.0106615125631,0.0107238605898,0.00801172142902,0.00791819938899,0.00875989774924,0.00776232932228,0.00776232932228,0.00773115530893,0.00679593490866,0.00788702537565,0.00782467734896,0.00751293721554,0.006827108922,0.00769998129559,0.0062348026685,0.00779350333562,0.00766880728225,0.00551780036162,0.00664006484195,0.00589188852173,0.00542427832159,0.00501901614814,0.00442670989463,0.0037408816011,0.00299270528088,0.00208865889395,0.00193278882723,0.00130930856038,0.0012469605337,0.0010287424403,0.000654654280192,0.000280566120082,6.2348026685e-05,9.35220400274e-05,0.000218218093397,3.11740133425e-05,0.0
0600000US4400752480,4400752480,"North Smithfield town, Providence County, Rhode Island",North Smithfield,11967,94,92,104,110,108,120,124,152,129,144,147,144,162,157,156,167,169,177,144,106,97,102,126,121,90,112,108,88,84,92,113,87,110,93,106,115,146,133,155,155,154,204,170,186,228,191,224,218,214,219,212,198,183,208,198,167,188,186,212,167,163,173,179,183,140,139,116,122,109,110,100,85,81,84,82,71,62,71,63,80,61,87,109,76,73,90,67,49,57,39,40,38,23,19,16,9,11,7,6,5,5,1,0,0.00785493440294,0.00768780813905,0.0086905657224,0.00919194451408,0.00902481825019,0.0100275758335,0.0103618283613,0.0127015960558,0.0107796440211,0.0120330910003,0.0122837803961,0.0120330910003,0.0135372273753,0.0131194117156,0.0130358485836,0.013955043035,0.0141221692989,0.0147906743545,0.0120330910003,0.0088576919863,0.00810562379878,0.00852343945851,0.0105289546252,0.0101111389655,0.00752068187516,0.00935907077797,0.00902481825019,0.00735355561126,0.00701930308348,0.00768780813905,0.00944263390992,0.00726999247932,0.00919194451408,0.007771371271,0.0088576919863,0.00960976017381,0.0122002172641,0.0111138965488,0.0129522854517,0.0129522854517,0.0128687223197,0.017046878917,0.0142057324309,0.015542742542,0.0190523940837,0.0159605582017,0.0187181415559,0.0182167627643,0.0178825102365,0.0183003258962,0.0177153839726,0.0165455001253,0.0152920531462,0.0173811314448,0.0165455001253,0.013955043035,0.0157098688059,0.015542742542,0.0177153839726,0.013955043035,0.0136207905072,0.0144564218267,0.0149578006184,0.0152920531462,0.0116988384725,0.0116152753405,0.00969332330576,0.0101947020974,0.00910838138213,0.00919194451408,0.00835631319462,0.00710286621543,0.00676861368764,0.00701930308348,0.00685217681959,0.00593298236818,0.00518091418066,0.00593298236818,0.00526447731261,0.00668505055569,0.00509735104872,0.00726999247932,0.00910838138213,0.00635079802791,0.00610010863207,0.00752068187516,0.00559872984039,0.00409459346536,0.00476309852093,0.0032589621459,0.00334252527785,0.00317539901396,0.00192195203476,0.00158769950698,0.00133701011114,0.000752068187516,0.000919194451408,0.000584941923623,0.000501378791677,0.000417815659731,0.000417815659731,8.35631319462e-05,0.0
0600000US4400754640,4400754640,"Pawtucket city, Providence County, Rhode Island",Pawtucket,71148,971,937,1051,1047,1006,945,878,896,877,834,865,798,867,844,869,891,917,1082,911,924,986,980,1016,1090,1108,1062,1023,1111,1136,1099,1058,1003,993,961,902,946,948,961,959,990,1057,994,1034,1038,1031,1183,1039,1074,1048,1102,1051,1046,1061,1009,1000,1013,905,841,827,780,699,695,694,658,535,561,528,498,441,451,408,408,407,349,365,370,299,357,316,304,312,279,318,309,259,239,223,204,155,143,123,99,69,66,36,31,23,12,10,13,7,0,0,0.0136476078035,0.0131697307022,0.0147720245123,0.0147158036768,0.0141395401136,0.0132821723731,0.0123404733794,0.0125934671389,0.0123264181706,0.0117220441896,0.0121577556642,0.0112160566706,0.012185866082,0.0118625962782,0.0122139764997,0.0125231910946,0.012888626525,0.015207735987,0.0128042952718,0.012987012987,0.0138584359364,0.0137741046832,0.0142800922022,0.0153201776578,0.0155731714173,0.0149266318097,0.0143784786642,0.0156153370439,0.0159667172654,0.0154466745376,0.0148704109743,0.014097374487,0.0139568223984,0.0135070557148,0.0126777983921,0.0132962275819,0.0133243379997,0.0135070557148,0.0134789452971,0.0139146567718,0.0148563557654,0.0139708776072,0.0145330859617,0.0145893067971,0.0144909203351,0.0166273120819,0.014603362006,0.0150952943161,0.0147298588857,0.0154888401642,0.0147720245123,0.014701748468,0.0149125766009,0.0141817057401,0.0140552088604,0.0142379265756,0.0127199640187,0.0118204306516,0.0116236577276,0.0109630629111,0.00982459099342,0.00976837015798,0.00975431494912,0.00924832743015,0.00751953674032,0.00788497217069,0.00742115027829,0.00699949401248,0.00619834710744,0.00633889919604,0.00573452521504,0.00573452521504,0.00572047000618,0.00490526789228,0.00513015123405,0.00520042727835,0.00420250744926,0.00501770956316,0.00444144599989,0.00427278349356,0.00438522516445,0.00392140327205,0.00446955641761,0.00434305953786,0.00364029909484,0.00335919491764,0.00313431157587,0.00286726260752,0.00217855737336,0.00200989486704,0.00172879068983,0.00139146567718,0.000969809411368,0.000927643784787,0.000505987518975,0.000435711474673,0.000323269803789,0.000168662506325,0.000140552088604,0.000182717715185,9.83864620228e-05,0.0,0.0
0600000US4400557880,4400557880,"Portsmouth town, Newport County, Rhode Island",Portsmouth,17389,118,156,155,163,196,205,213,240,196,236,237,260,240,261,274,292,292,262,215,247,232,137,166,137,121,134,114,115,124,114,114,123,122,127,156,169,161,159,204,237,245,234,267,289,288,323,310,307,326,293,282,329,303,338,286,303,272,301,245,256,274,262,283,278,213,182,204,205,178,153,146,133,136,105,113,112,134,93,98,69,103,79,91,65,56,72,48,66,37,39,37,24,19,18,11,10,11,6,2,1,1,1,0,0.00678589913163,0.0089711886825,0.00891368106274,0.00937374202082,0.0112714934729,0.0117890620507,0.0122491230088,0.0138018287423,0.0112714934729,0.0135717982633,0.013629305883,0.0149519811375,0.0138018287423,0.0150094887573,0.0157570878141,0.0167922249698,0.0167922249698,0.015066996377,0.0123641382483,0.0142043820806,0.0133417677842,0.00787854390707,0.0095462648801,0.00787854390707,0.00695842199091,0.00770602104779,0.0065558686526,0.00661337627236,0.00713094485019,0.0065558686526,0.0065558686526,0.00707343723043,0.00701592961067,0.00730346770947,0.0089711886825,0.00971878773938,0.0092587267813,0.00914371154178,0.011731554431,0.013629305883,0.0140893668411,0.0134567830238,0.0153545344758,0.0166197021105,0.0165621944908,0.0185749611824,0.0178273621255,0.0176548392662,0.0187474840416,0.0168497325896,0.0162171487722,0.0189200069009,0.0174248087872,0.0194375754788,0.0164471792513,0.0174248087872,0.0156420725746,0.0173097935476,0.0140893668411,0.0147219506585,0.0157570878141,0.015066996377,0.016274656392,0.0159871182932,0.0122491230088,0.0104663867963,0.011731554431,0.0117890620507,0.0102363563172,0.00879866582322,0.0083961124849,0.00764851342803,0.00782103628731,0.00603830007476,0.00649836103284,0.00644085341308,0.00770602104779,0.00534820863764,0.00563574673644,0.00396802576341,0.00592328483524,0.00454310196101,0.00523319339813,0.00373799528438,0.00322042670654,0.00414054862269,0.00276036574846,0.00379550290413,0.00212778193111,0.00224279717063,0.00212778193111,0.00138018287423,0.00109264477543,0.00103513715567,0.000632583817356,0.000575076197596,0.000632583817356,0.000345045718558,0.000115015239519,5.75076197596e-05,5.75076197596e-05,5.75076197596e-05,0.0
0600000US4400759000,4400759000,"Providence city, Providence County, Rhode Island",Providence,178042,2552,2552,2505,2361,2382,2285,2297,2225,2093,2181,2177,2204,2165,2132,2171,2309,2453,2590,4860,6763,6513,6134,4919,3575,3427,3391,3205,3113,3112,3038,3040,2608,2524,2409,2339,2357,2140,2145,2205,2254,2233,2075,2136,2073,2054,2103,1917,1968,1961,1950,2046,1916,1860,1916,1898,1803,1814,1660,1479,1454,1503,1364,1367,1255,1028,1023,928,986,787,729,727,662,686,584,596,524,489,563,468,580,525,475,450,445,436,432,412,330,322,265,230,189,160,122,91,88,58,42,41,29,28,2,0,0.0143336965435,0.0143336965435,0.0140697138877,0.0132609159636,0.0133788656609,0.0128340503926,0.0129014502196,0.0124970512576,0.0117556531605,0.0122499185585,0.0122274519495,0.0123791015603,0.0121600521225,0.0119747025983,0.012193752036,0.0129688500466,0.0137776479707,0.014547129329,0.0272969299379,0.0379854191708,0.0365812561081,0.0344525449051,0.0276283124207,0.0200795317959,0.0192482672628,0.0190460677818,0.0180013704631,0.0174846384561,0.0174790218038,0.0170633895373,0.0170746228418,0.0146482290695,0.0141764302805,0.0135305152717,0.0131373496141,0.0132384493546,0.0120196358163,0.0120477190775,0.0123847182126,0.0126599341728,0.0125419844756,0.01165455342,0.0119971692073,0.0116433201155,0.0115366037227,0.011811819683,0.0107671223644,0.0110535716292,0.0110142550634,0.0109524718887,0.0114916705047,0.0107615057121,0.0104469731861,0.0107615057121,0.0106604059716,0.0101268240078,0.0101886071826,0.00932364273598,0.00830702867863,0.00816661237236,0.00844182833264,0.00766111366981,0.00767796362656,0.00704889857449,0.00577391851361,0.00574583525236,0.00521225328855,0.00553801911908,0.00442030532122,0.00409453949068,0.00408330618618,0.00371822378989,0.00385302344391,0.00328012491435,0.00334752474135,0.00294312577931,0.00274654295054,0.00316217521708,0.00262859325328,0.00325765830534,0.00294874243156,0.00266790981903,0.00252749351277,0.00249941025151,0.00244886038126,0.00242639377226,0.00231406072724,0.0018534952427,0.00180856202469,0.00148841284641,0.00129183001764,0.00106154727536,0.000898664360095,0.000685231574572,0.000511115354804,0.000494265398052,0.000325765830534,0.000235899394525,0.000230282742274,0.000162882915267,0.000157266263017,1.12333045012e-05,0.0
0600000US4400961160,4400961160,"Richmond town, Washington County, Rhode Island",Richmond,7708,68,95,72,88,102,98,112,105,99,104,147,111,99,111,108,109,117,104,88,67,86,73,76,74,53,68,55,59,78,69,85,82,79,93,99,105,84,98,125,133,147,132,145,142,149,141,145,158,158,180,156,143,133,146,137,131,115,128,127,123,97,83,104,101,59,74,58,51,62,46,49,30,30,49,33,33,34,17,22,29,16,16,17,8,13,10,7,8,7,6,5,6,5,2,3,0,1,1,0,1,1,0,0,0.00882200311365,0.0123248572911,0.00934094447327,0.0114167099118,0.0132330046705,0.0127140633108,0.0145303580695,0.0136222106902,0.0128437986508,0.0134924753503,0.0190710949663,0.0144006227296,0.0128437986508,0.0144006227296,0.0140114167099,0.0141411520498,0.0151790347691,0.0134924753503,0.0114167099118,0.00869226777374,0.011157239232,0.00947067981318,0.0098598858329,0.00960041515309,0.00687597301505,0.00882200311365,0.00713544369486,0.00765438505449,0.0101193565127,0.00895173845355,0.0110275038921,0.0106382978723,0.0102490918526,0.0120653866113,0.0128437986508,0.0136222106902,0.0108977685522,0.0127140633108,0.0162169174883,0.0172548002076,0.0190710949663,0.0171250648677,0.0188116242865,0.0184224182667,0.0193305656461,0.0182926829268,0.0188116242865,0.0204981837052,0.0204981837052,0.0233523611832,0.0202387130254,0.0185521536066,0.0172548002076,0.0189413596264,0.0177737415672,0.0169953295278,0.0149195640893,0.016606123508,0.0164763881681,0.0159574468085,0.0125843279709,0.0107680332122,0.0134924753503,0.0131032693306,0.00765438505449,0.00960041515309,0.00752464971458,0.00661650233524,0.00804359107421,0.0059678256357,0.00635703165542,0.0038920601972,0.0038920601972,0.00635703165542,0.00428126621692,0.00428126621692,0.00441100155682,0.00220550077841,0.00285417747794,0.00376232485729,0.00207576543851,0.00207576543851,0.00220550077841,0.00103788271925,0.00168655941879,0.00129735339907,0.000908147379346,0.00103788271925,0.000908147379346,0.00077841203944,0.000648676699533,0.00077841203944,0.000648676699533,0.000259470679813,0.00038920601972,0.0,0.000129735339907,0.000129735339907,0.0,0.000129735339907,0.000129735339907,0.0,0.0
0600000US4400764220,4400764220,"Scituate town, Providence County, Rhode Island",Scituate,10329,55,64,74,103,94,103,115,118,125,130,148,155,144,169,158,159,171,187,119,110,118,95,85,89,93,81,84,79,74,62,70,78,74,74,75,91,88,105,126,120,177,148,179,193,170,172,197,190,215,195,209,209,194,190,229,215,203,187,178,153,126,160,152,182,120,123,109,139,94,76,71,80,79,43,69,52,51,53,36,52,50,38,40,42,52,33,37,24,16,18,10,5,11,5,6,4,2,1,2,1,0,0,0,0.00532481363152,0.00619614677123,0.00716429470423,0.00997192370994,0.00910059057024,0.00997192370994,0.0111337012295,0.0114241456094,0.0121018491626,0.0125859231291,0.0143285894085,0.0150062929616,0.0139413302353,0.0163617000678,0.0152967373415,0.0153935521348,0.0165553296544,0.0181043663472,0.0115209604027,0.010649627263,0.0114241456094,0.00919740536354,0.00822925743054,0.00861651660374,0.00900377577694,0.00784199825733,0.00813244263723,0.00764836867073,0.00716429470423,0.00600251718463,0.00677703553103,0.00755155387743,0.00716429470423,0.00716429470423,0.00726110949753,0.00881014619034,0.00851970181044,0.0101655532965,0.0121986639559,0.011617775196,0.0171362184142,0.0143285894085,0.0173298480008,0.018685255107,0.0164585148611,0.0166521444477,0.0190725142802,0.0183948107271,0.0208151805596,0.0188788846936,0.0202342917998,0.0202342917998,0.0187820699003,0.0183948107271,0.0221705876658,0.0208151805596,0.01965340304,0.0181043663472,0.0172330332075,0.014812663375,0.0121986639559,0.0154903669281,0.0147158485817,0.0176202923807,0.011617775196,0.011908219576,0.0105528124697,0.0134572562688,0.00910059057024,0.00735792429083,0.00687385032433,0.00774518346403,0.00764836867073,0.00416303611192,0.00668022073773,0.00503436925162,0.00493755445832,0.00513118404492,0.00348533255881,0.00503436925162,0.00484073966502,0.00367896214542,0.00387259173202,0.00406622131862,0.00503436925162,0.00319488817891,0.00358214735212,0.00232355503921,0.00154903669281,0.00174266627941,0.000968147933004,0.000484073966502,0.0010649627263,0.000484073966502,0.000580888759802,0.000387259173202,0.000193629586601,9.68147933004e-05,0.000193629586601,9.68147933004e-05,0.0,0.0,0.0
0600000US4400766200,4400766200,"Smithfield town, Providence County, Rhode Island",Smithfield,21430,120,135,147,174,169,169,162,192,193,227,208,242,221,243,247,256,251,269,590,868,880,822,507,204,161,138,152,142,150,157,176,150,138,137,154,152,186,189,217,273,269,277,279,303,337,355,303,334,350,319,339,339,370,315,343,279,308,255,306,272,293,295,236,287,182,203,185,185,166,181,138,147,130,124,144,115,118,122,140,124,122,120,114,98,145,120,106,128,96,86,62,75,64,31,24,34,23,17,12,5,13,0,0,0.00559962669155,0.006299580028,0.00685954269715,0.00811945870275,0.00788614092394,0.00788614092394,0.0075594960336,0.00895940270649,0.00900606626225,0.0105926271582,0.00970601959869,0.0112925804946,0.0103126458236,0.0113392440504,0.0115258982734,0.0119458702753,0.0117125524965,0.0125524965002,0.0275314979001,0.0405039664022,0.0410639290714,0.0383574428371,0.0236584227718,0.00951936537564,0.00751283247783,0.00643957069529,0.00709286047597,0.00662622491834,0.00699953336444,0.00732617825478,0.00821278581428,0.00699953336444,0.00643957069529,0.00639290713952,0.00718618758749,0.00709286047597,0.00867942137191,0.0088194120392,0.0101259916006,0.0127391507233,0.0125524965002,0.0129258049463,0.0130191320579,0.0141390573962,0.0157256182921,0.0165655622958,0.0141390573962,0.0155856276248,0.016332244517,0.0148856742884,0.0158189454036,0.0158189454036,0.0172655156323,0.0146990200653,0.0160055996267,0.0130191320579,0.014372375175,0.0118992067196,0.0142790480635,0.0126924871675,0.0136724218385,0.0137657489501,0.0110125991601,0.013392440504,0.00849276714886,0.00947270181988,0.00863275781615,0.00863275781615,0.00774615025665,0.00844610359309,0.00643957069529,0.00685954269715,0.00606626224918,0.00578628091461,0.00671955202986,0.00536630891274,0.00550629958003,0.00569295380308,0.00653289780681,0.00578628091461,0.00569295380308,0.00559962669155,0.00531964535698,0.00457302846477,0.00676621558563,0.00559962669155,0.00494633691087,0.00597293513766,0.00447970135324,0.00401306579561,0.0028931404573,0.00349976668222,0.00298646756883,0.00144657022865,0.00111992533831,0.00158656089594,0.00107326178255,0.00079328044797,0.000559962669155,0.000233317778815,0.000606626224918,0.0,0.0
0600000US4400967460,4400967460,"South Kingstown town, Washington County, Rhode Island",South Kingstown,30639,195,203,242,231,273,269,294,286,299,291,335,348,346,332,326,395,380,371,1736,2193,1430,868,527,339,317,281,274,228,235,243,229,238,211,196,208,220,210,245,263,301,339,304,334,377,340,450,391,413,455,446,416,455,475,485,389,459,435,436,425,396,416,359,364,397,267,266,279,267,227,190,147,173,138,172,150,145,129,146,136,155,125,137,154,126,123,111,113,104,126,69,60,63,46,38,27,24,20,12,3,3,3,1,0,0.00636443748164,0.00662554260909,0.00789843010542,0.00753941055517,0.0089102124743,0.00877965991057,0.00959561343386,0.00933450830641,0.00975880413852,0.00949769901106,0.0109337772121,0.0113580730442,0.0112927967623,0.0108358627893,0.0106400339437,0.0128920656679,0.012402493554,0.0121087502856,0.0566598126571,0.0715754430628,0.046672541532,0.0283299063285,0.0172003002709,0.0110643297758,0.0103462906753,0.00917131760175,0.00894285061523,0.00744149613238,0.0076699631189,0.00793106824635,0.00747413427331,0.0077678775417,0.00688664773654,0.00639707562257,0.00678873331375,0.00718039100493,0.00685400959561,0.00799634452822,0.00858383106498,0.00982408042038,0.0110643297758,0.00992199484317,0.0109011390711,0.0123045791312,0.0110969679167,0.0146871634192,0.0127615131042,0.0134795522047,0.0148503541238,0.0145566108554,0.0135774666275,0.0148503541238,0.0155031169425,0.0158294983518,0.0126962368224,0.0149809066876,0.0141975913052,0.0142302294461,0.0138712098959,0.0129247038089,0.0135774666275,0.0117170925944,0.0118802832991,0.0129573419498,0.00871438362871,0.00868174548778,0.00910604131989,0.00871438362871,0.00740885799145,0.00620124677698,0.00479780671693,0.00564639838115,0.00450406344855,0.00561376024022,0.00489572113972,0.00473253043507,0.00421032018016,0.004765168576,0.00443878716668,0.00505891184438,0.00407976761644,0.00447142530761,0.00502627370345,0.00411240575737,0.00401449133457,0.0036228336434,0.00368810992526,0.00339436665688,0.00411240575737,0.00225203172427,0.00195828845589,0.00205620287868,0.00150135448285,0.0012402493554,0.00088122980515,0.000783315382356,0.00065276281863,0.000391657691178,9.79144227945e-05,9.79144227945e-05,9.79144227945e-05,3.26381409315e-05,0.0
0600000US4400570880,4400570880,"Tiverton town, Newport County, Rhode Island",Tiverton,15780,142,126,130,144,143,165,156,151,174,161,188,191,180,169,211,181,183,203,168,160,159,139,118,128,110,124,131,156,130,155,152,129,133,125,141,166,172,179,228,223,217,245,232,259,283,267,306,259,291,299,259,248,269,250,267,290,257,222,245,247,224,246,284,253,173,216,183,201,173,181,136,144,136,117,125,104,106,114,104,108,119,92,93,85,81,71,61,60,61,36,45,35,28,13,12,6,5,4,1,4,4,0,0,0.00899873257288,0.00798479087452,0.00823827629911,0.00912547528517,0.00906210392902,0.0104562737643,0.00988593155894,0.0095690747782,0.0110266159696,0.0102027883397,0.0119138149556,0.0121039290241,0.0114068441065,0.0107097591888,0.013371356147,0.0114702154626,0.0115969581749,0.0128643852978,0.0106463878327,0.0101394169835,0.0100760456274,0.00880861850444,0.00747782002535,0.00811153358682,0.00697084917617,0.00785804816223,0.00830164765526,0.00988593155894,0.00823827629911,0.00982256020279,0.00963244613435,0.00817490494297,0.00842839036755,0.00792141951838,0.00893536121673,0.0105196451204,0.0108998732573,0.0113434727503,0.0144486692015,0.0141318124208,0.0137515842839,0.015525982256,0.0147021546261,0.0164131812421,0.0179340937896,0.0169201520913,0.019391634981,0.0164131812421,0.0184410646388,0.018948035488,0.0164131812421,0.0157160963245,0.0170468948035,0.0158428390368,0.0169201520913,0.0183776932826,0.0162864385298,0.0140684410646,0.015525982256,0.0156527249683,0.0141951837769,0.0155893536122,0.0179974651458,0.0160329531052,0.0109632446134,0.0136882129278,0.0115969581749,0.0127376425856,0.0109632446134,0.0114702154626,0.00861850443599,0.00912547528517,0.00861850443599,0.0074144486692,0.00792141951838,0.00659062103929,0.00671736375158,0.00722433460076,0.00659062103929,0.00684410646388,0.0075411913815,0.00583016476553,0.00589353612167,0.0053865652725,0.00513307984791,0.00449936628644,0.00386565272497,0.00380228136882,0.00386565272497,0.00228136882129,0.00285171102662,0.00221799746515,0.00177439797212,0.000823827629911,0.000760456273764,0.000380228136882,0.000316856780735,0.000253485424588,6.3371356147e-05,0.000253485424588,0.000253485424588,0.0,0.0
0600000US4400173760,4400173760,"Warren town, Bristol County, Rhode Island",Warren,10611,107,93,96,113,127,84,107,111,131,94,100,112,115,87,106,118,120,119,125,119,94,114,115,148,144,133,139,161,127,141,119,132,124,114,124,106,92,125,112,141,128,135,145,136,134,179,178,179,209,194,200,178,196,168,165,192,193,165,135,152,125,126,138,170,102,108,125,120,97,75,76,80,76,72,69,70,63,47,53,64,66,60,70,72,64,57,58,40,41,39,27,28,21,19,13,7,9,4,6,2,2,0,0,0.0100838752238,0.00876448968052,0.00904721515409,0.010649326171,0.0119687117143,0.00791631325982,0.0100838752238,0.0104608425219,0.0123456790123,0.00885873150504,0.00942418245217,0.0105550843464,0.01083780982,0.00819903873339,0.0099896333993,0.0111205352936,0.0113090189426,0.0112147771181,0.0117802280652,0.0112147771181,0.00885873150504,0.0107435679955,0.01083780982,0.0139477900292,0.0135708227311,0.0125341626614,0.0130996136085,0.015172933748,0.0119687117143,0.0132880972576,0.0112147771181,0.0124399208369,0.0116859862407,0.0107435679955,0.0116859862407,0.0099896333993,0.008670247856,0.0117802280652,0.0105550843464,0.0132880972576,0.0120629535388,0.0127226463104,0.0136650645556,0.012816888135,0.0126284044859,0.0168692865894,0.0167750447649,0.0168692865894,0.019696541325,0.0182829139572,0.0188483649043,0.0167750447649,0.0184713976063,0.0158326265196,0.0155499010461,0.0180944303082,0.0181886721327,0.0155499010461,0.0127226463104,0.0143247573273,0.0117802280652,0.0118744698897,0.013005371784,0.0160211101687,0.00961266610122,0.0101781170483,0.0117802280652,0.0113090189426,0.00914145697861,0.00706813683913,0.00716237866365,0.00753934596174,0.00716237866365,0.00678541136556,0.006502685892,0.00659692771652,0.00593723494487,0.00442936575252,0.00499481669965,0.00603147676939,0.00621996041843,0.0056545094713,0.00659692771652,0.00678541136556,0.00603147676939,0.00537178399774,0.00546602582226,0.00376967298087,0.00386391480539,0.00367543115635,0.00254452926209,0.00263877108661,0.00197907831496,0.00179059466591,0.00122514371878,0.000659692771652,0.000848176420696,0.000376967298087,0.00056545094713,0.000188483649043,0.000188483649043,0.0,0.0
0600000US4400374300,4400374300,"Warwick city, Kent County, Rhode Island",Warwick,82672,760,774,788,729,850,769,891,802,872,864,945,882,939,993,959,966,991,1051,923,872,884,839,906,936,945,915,928,911,990,1015,1043,961,1086,987,941,1027,968,1004,1032,1133,1247,1125,1139,1152,1243,1386,1321,1387,1400,1389,1356,1466,1435,1387,1372,1343,1272,1286,1222,1117,1125,1143,1125,1132,887,886,765,874,667,644,607,565,581,551,511,521,536,532,478,504,500,468,515,481,447,413,373,361,272,257,163,187,109,91,85,62,38,39,27,11,22,1,0,0.00919295529321,0.0093622992065,0.0095316431198,0.00881797948519,0.0102815947358,0.00930181923747,0.0107775304819,0.00970098703309,0.0105477065996,0.0104509386491,0.0114307141475,0.0106686665376,0.0113581381846,0.0120113218502,0.0116000580608,0.0116847300174,0.0119871298626,0.012712889491,0.0111646022837,0.0105477065996,0.0106928585253,0.0101485388039,0.010958970389,0.0113218502032,0.0114307141475,0.0110678343333,0.0112250822528,0.011019450358,0.0119750338688,0.012277433714,0.0126161215405,0.0116242500484,0.0131362492742,0.0119387458874,0.0113823301722,0.0124225856396,0.011708922005,0.0121443777821,0.0124830656087,0.0137047609832,0.0150837042771,0.0136079930327,0.013777336946,0.0139345848655,0.0150353203019,0.0167650474163,0.0159788078189,0.0167771434101,0.0169343913296,0.0168013353977,0.0164021676021,0.0177327269208,0.0173577511128,0.0167771434101,0.016595703503,0.0162449196826,0.0153861041223,0.0155554480356,0.014781304432,0.0135112250823,0.0136079930327,0.0138257209212,0.0136079930327,0.0136926649894,0.0107291465067,0.0107170505129,0.00925343526224,0.0105718985872,0.00806802786917,0.00778982001161,0.00734226824076,0.00683423650087,0.00702777240178,0.00666489258757,0.0061810528353,0.00630201277337,0.00648345268047,0.00643506870524,0.00578188503967,0.00609638087865,0.00604799690343,0.00566092510161,0.00622943681053,0.0058181730211,0.00540690923166,0.00499564544223,0.00451180568996,0.00436665376427,0.00329011031546,0.00310867040836,0.00197164699052,0.00226195084188,0.00131846332495,0.00110073543642,0.00102815947358,0.000749951616025,0.00045964776466,0.000471743758467,0.000326591832785,0.000133055931875,0.000266111863751,1.20959938069e-05,0.0
0600000US4400377720,4400377720,"West Greenwich town, Kent County, Rhode Island",West Greenwich,6135,66,53,59,62,53,66,87,90,89,87,87,99,85,106,96,96,95,101,74,68,67,63,77,64,60,64,54,55,50,72,43,48,55,63,58,55,88,95,85,90,111,91,101,116,98,116,125,118,122,117,155,139,127,121,122,123,99,97,88,69,79,74,72,76,61,63,61,62,38,38,31,23,22,26,20,25,13,12,8,14,18,24,17,6,7,13,8,7,12,9,2,3,1,4,2,1,1,0,0,0,2,0,0,0.0107579462103,0.00863895680522,0.00961695191524,0.0101059494703,0.00863895680522,0.0107579462103,0.0141809290954,0.0146699266504,0.0145069274654,0.0141809290954,0.0141809290954,0.0161369193154,0.0138549307253,0.0172779136104,0.0156479217604,0.0156479217604,0.0154849225754,0.0164629176854,0.0120619396903,0.0110839445803,0.0109209453953,0.0102689486553,0.0125509372453,0.0104319478403,0.00977995110024,0.0104319478403,0.00880195599022,0.00896495517522,0.0081499592502,0.0117359413203,0.00700896495518,0.0078239608802,0.00896495517522,0.0102689486553,0.00945395273024,0.00896495517522,0.0143439282804,0.0154849225754,0.0138549307253,0.0146699266504,0.0180929095355,0.0148329258354,0.0164629176854,0.0189079054605,0.0159739201304,0.0189079054605,0.0203748981255,0.0192339038305,0.0198859005705,0.0190709046455,0.0252648736756,0.0226568867156,0.0207008964955,0.0197229013855,0.0198859005705,0.0200488997555,0.0161369193154,0.0158109209454,0.0143439282804,0.0112469437653,0.0128769356153,0.0120619396903,0.0117359413203,0.0123879380603,0.00994295028525,0.0102689486553,0.00994295028525,0.0101059494703,0.00619396903015,0.00619396903015,0.00505297473513,0.00374898125509,0.00358598207009,0.00423797881011,0.00325998370008,0.0040749796251,0.00211898940505,0.00195599022005,0.00130399348003,0.00228198859006,0.00293398533007,0.0039119804401,0.00277098614507,0.000977995110024,0.00114099429503,0.00211898940505,0.00130399348003,0.00114099429503,0.00195599022005,0.00146699266504,0.000325998370008,0.000488997555012,0.000162999185004,0.000651996740016,0.000325998370008,0.000162999185004,0.000162999185004,0.0,0.0,0.0,0.000325998370008,0.0,0.0
0600000US4400378440,4400378440,"West Warwick town, Kent County, Rhode Island",West Warwick,29191,351,329,364,349,354,305,299,324,309,318,305,305,295,303,297,333,303,303,352,317,368,369,426,416,424,455,496,522,488,466,484,436,462,404,374,388,363,392,434,409,394,375,366,371,389,416,423,436,431,446,500,461,486,463,457,477,396,377,381,343,411,365,369,365,287,254,260,254,233,185,164,163,149,157,140,154,151,136,143,134,141,149,136,125,129,135,109,86,90,61,35,27,39,17,20,9,14,6,2,1,6,1,0,0.0120242540509,0.0112705971018,0.0124695967935,0.0119557397828,0.0121270254531,0.0104484258847,0.0102428830804,0.0110993114316,0.0105854544209,0.0108937686273,0.0104484258847,0.0104484258847,0.0101058545442,0.0103799116166,0.0101743688123,0.011407625638,0.0103799116166,0.0103799116166,0.012058511185,0.0108595114933,0.0126066253297,0.0126408824638,0.0145935391045,0.014250967764,0.0145250248364,0.0155869959919,0.0169915384879,0.0178822239731,0.0167174814155,0.0159638244664,0.0165804528793,0.014936110445,0.0158267959303,0.0138398821555,0.012812168134,0.0132917680107,0.0124353396595,0.0134287965469,0.0148675961769,0.0140111678257,0.013497310815,0.0128464252681,0.0125381110616,0.0127093967319,0.0133260251447,0.014250967764,0.0144907677024,0.014936110445,0.0147648247748,0.0152786817855,0.0171285670241,0.0157925387962,0.0166489671474,0.0158610530643,0.01565551026,0.016340652941,0.0135658250831,0.0129149395362,0.0130519680724,0.0117501969785,0.0140796820938,0.0125038539276,0.0126408824638,0.0125038539276,0.00983179747182,0.00870131204823,0.00890685485252,0.00870131204823,0.00798191223322,0.00633756979891,0.0056181699839,0.00558391284985,0.00510431297318,0.00537837004556,0.00479599876674,0.00527559864342,0.00517282724127,0.00465897023055,0.00489877016889,0.00459045596245,0.00483025590079,0.00510431297318,0.00465897023055,0.00428214175602,0.00441917029221,0.0046247130965,0.00373402761125,0.00294611352814,0.00308314206433,0.00208968517694,0.00119899969169,0.0009249426193,0.00133602822788,0.000582371278819,0.000685142680963,0.000308314206433,0.000479599876674,0.000205542804289,6.85142680963e-05,3.42571340482e-05,0.000205542804289,3.42571340482e-05,0.0
0600000US4400977000,4400977000,"Westerly town, Washington County, Rhode Island",Westerly,22787,230,235,261,246,244,247,272,249,251,264,285,242,287,284,294,325,286,285,231,188,209,192,212,247,228,259,274,257,271,251,249,225,226,210,207,235,260,269,239,302,344,294,337,300,301,373,379,393,373,387,412,404,346,351,359,385,332,344,318,267,299,334,326,332,228,238,248,284,201,196,176,178,188,159,167,171,157,148,139,135,155,124,136,111,125,105,102,121,72,89,74,48,58,42,32,12,15,8,13,8,6,0,0,0.0100934743494,0.0103128977048,0.011453899153,0.0107956290868,0.0107078597446,0.0108395137578,0.011936630535,0.0109272831,0.0110150524422,0.0115855531663,0.0125071312591,0.0106200904024,0.0125949006012,0.012463246588,0.0129020932988,0.0142625181024,0.0125510159301,0.0125071312591,0.0101373590205,0.00825031816387,0.00917189625664,0.0084258568482,0.00930355026989,0.0108395137578,0.0100057050072,0.0113661298109,0.0120243998771,0.0112783604687,0.0118927458639,0.0110150524422,0.0109272831,0.00987405099399,0.00991793566507,0.00921578092772,0.00908412691447,0.0103128977048,0.0114100144819,0.0118049765217,0.0104884363892,0.0132531706675,0.015096326853,0.0129020932988,0.0147891341554,0.0131654013253,0.0132092859964,0.0163689823145,0.016632290341,0.0172466757362,0.0163689823145,0.0169833677097,0.0180804844868,0.0177294071181,0.0151840961952,0.0154035195506,0.0157545969193,0.0168955983675,0.0145697108,0.015096326853,0.0139553254048,0.0117172071795,0.0131215166542,0.0146574801422,0.0143064027735,0.0145697108,0.0100057050072,0.0104445517181,0.0108833984289,0.012463246588,0.00882081888796,0.00860139553254,0.00772370211085,0.00781147145302,0.00825031816387,0.00697766270242,0.00732874007109,0.00750427875543,0.00688989336025,0.00649493132049,0.00609996928073,0.00592443059639,0.00680212401808,0.00544169921446,0.00596831526748,0.00487119849037,0.00548558388555,0.00460789046386,0.00447623645061,0.00531004520121,0.00315969631808,0.00390573572651,0.00324746566024,0.00210646421205,0.00254531092289,0.00184315618554,0.0014043094747,0.000526616053013,0.000658270066266,0.000351077368675,0.000570500724097,0.000351077368675,0.000263308026506,0.0,0.0
0600000US4400780780,4400780780,"Woonsocket city, Providence County, Rhode Island",Woonsocket,41186,601,623,676,634,584,549,545,529,534,469,495,503,578,470,517,530,493,558,544,510,493,532,560,561,632,621,623,655,617,630,608,627,543,500,545,542,473,586,547,587,546,510,504,533,580,604,579,580,607,624,592,571,614,610,582,567,530,498,466,487,476,442,445,441,326,311,291,325,265,265,233,220,208,215,194,205,184,191,158,227,173,174,184,184,201,168,156,144,126,102,65,76,64,38,26,17,21,12,6,8,10,1,0,0.014592337202,0.0151264992959,0.0164133443403,0.0153935803428,0.0141795755839,0.0133297722527,0.013232651872,0.0128441703491,0.012965570825,0.0113873646385,0.0120186471131,0.0122128878745,0.0140338950129,0.0114116447336,0.012552809207,0.0128684504443,0.0119700869227,0.0135482931093,0.0132083717768,0.0123828485408,0.0119700869227,0.0129170106347,0.0135968532997,0.0136211333948,0.0153450201525,0.0150779391055,0.0151264992959,0.0159034623416,0.0149808187248,0.0152964599621,0.0147622978682,0.0152236196766,0.0131840916816,0.012140047589,0.013232651872,0.0131598115865,0.0114844850192,0.0142281357743,0.0132812120624,0.0142524158695,0.0132569319672,0.0123828485408,0.0122371679697,0.0129412907299,0.0140824552032,0.0146651774875,0.014058175108,0.0140824552032,0.014738017773,0.0151507793911,0.0143738163454,0.0138639343466,0.0149079784393,0.0148108580586,0.0141310153936,0.0137668139659,0.0128684504443,0.0120914873986,0.0113145243529,0.0118244063517,0.0115573253047,0.0107318020687,0.0108046423542,0.0107075219735,0.00791531102802,0.00755110960035,0.00706550769679,0.00789103093284,0.00643422522216,0.00643422522216,0.00565726217647,0.00534162093915,0.00505025979702,0.00522022046326,0.00471033846453,0.00497741951148,0.00446753751275,0.00463749817899,0.00383625503812,0.0055115816054,0.00420045646579,0.00422473656097,0.00446753751275,0.00446753751275,0.00488029913077,0.0040790559899,0.00378769484776,0.00349633370563,0.00305929199242,0.00247656970815,0.00157820618657,0.00184528723353,0.00155392609139,0.000922643616763,0.000631282474627,0.000412761618026,0.000509881998737,0.000291361142136,0.000145680571068,0.000194240761424,0.00024280095178,2.4280095178e-05,0.0
